manufactor,Year,Hand,Gear,capacity_Engine,Engine_type,Prev_ownership,Curr_ownership,Price,Km,model,Supply_score
יונדאי,2015,2,אוטומטית,1600.0,בנזין,פרטית,פרטית,51000.0,144000.0,I35,6829
ניסאן,2018,1,אוטומטית,1200.0,בנזין,חדש,פרטית,49000.0,69000.0,MICRA,4933
סוזוקי,2010,1,אוטומטית,1450.0,בנזין,חדש,פרטית,22500.0,145000.0,SWIFT,1901
טויוטה,2016,1,טיפטרוניק,1600.0,בנזין,חדש,פרטית,63000.0,27300.0,AURIS,343
קיה,2012,1,אוטומטית,1248.0,בנזין,חדש,פרטית,37000.0,70000.0,PICANTO,3780
אאודי,2015,3,אוטומטית,1400.0,בנזין,פרטית,פרטית,60000.0,120000.0,A1,398
סובארו,2009,3,ידנית,2400.0,בנזין,פרטית,פרטית,95000.0,125000.0,IMPREZA,0
מיצובישי,2018,1,אוטומטית,2000.0,בנזין,חדש,פרטית,90000.0,102000.0,ASX,2889
מרצדס,2015,1,אוטומטית,2200.0,דיזל,חדש,חברה,70000.0,95000.0,220,0
אופל,2017,2,אוטומטית,1400.0,בנזין,פרטית,פרטית,65000.0,118000.0,MOKKA,278
קיה,2013,4,אוטומטית,1500.0,בנזין,פרטית,פרטית,22000.0,199000.0,FORTE,2547
סוזוקי,2008,3,אוטומטית,1500.0,בנזין,פרטית,פרטית,19500.0,178500.0,SWIFT,5194
אאודי,2014,4,אוטומטית,2000.0,בנזין,פרטית,פרטית,77500.0,169000.0,Q3,344
קיה,2015,2,אוטומטית,1200.0,בנזין,פרטית,פרטית,45000.0,96000.0,PICANTO,11640
הונדה,2007,3,אוטומטית,1800.0,בנזין,פרטית,פרטית,23000.0,170000.0,CIVIC,3354
סוזוקי,2016,2,אוטומטית,1600.0,בנזין,ליסינג,פרטית,58000.0,77000.0,SX4 CROSSOVER,4304
טויוטה,2015,2,אוטומטית,1600.0,בנזין,פרטית,פרטית,62000.0,130000.0,COROLLA,11110
פולקסווגן,2008,3,אוטומטית,1595.0,בנזין,פרטית,פרטית,21000.0,149000.0,GOLF,1882
פולקסווגן,2007,3,אוטומטית,2000.0,בנזין,פרטית,פרטית,20000.0,170000.0,PASSAT,690
שברולט,2017,1,אוטומטית,1400.0,בנזין,חדש,פרטית,50000.0,68000.0,SPARK,3190
מאזדה,2015,4,אוטומטית,1500.0,בנזין,פרטית,פרטית,43000.0,152000.0,MAZDA 3,6820
טויוטה,2014,3,אוטומטית,1600.0,בנזין,פרטית,פרטית,46000.0,190000.0,COROLLA,12436
ניסאן,2013,5,אוטומטית,1100.0,בנזין,פרטית,פרטית,23900.0,150000.0,NOTE,300
קיה,2011,2,טיפטרוניק,1600.0,דיזל,פרטית,פרטית,32000.0,182000.0,SOUL,553
קיה,2013,4,ידנית,1000.0,בנזין,פרטית,פרטית,23000.0,76000.0,PICANTO,7162
וולוו,2014,4,אוטומטית,1600.0,בנזין,פרטית,פרטית,46000.0,105000.0,V40 CC,0
מיצובישי,2020,2,אוטומטית,4200.0,גז,פרטית,פרטית,35000.0,90000.0,LANCER SPORTBAC,0
יונדאי,2018,1,אוטומטית,1250.0,בנזין,חדש,פרטית,60000.0,40000.0,I10,7388
אאודי,2007,2,אוטומטית,2000.0,בנזין,פרטית,פרטית,21000.0,150000.0,A3,66
אאודי,2016,2,אוטומטית,1000.0,בנזין,ליסינג,פרטית,55000.0,135000.0,A1,720
סקודה,2012,1,אוטומטית,1197.0,בנזין,חדש,פרטית,24500.0,147000.0,FABIA,2565
סקודה,2017,3,אוטומטית,1800.0,בנזין,פרטית,פרטית,83000.0,144000.0,OCTAVIA,4685
הונדה,2015,1,אוטומטית,1800.0,בנזין,חדש,פרטית,60000.0,44000.0,CIVIC,2221
מאזדה,2014,3,טיפטרוניק,1500.0,בנזין,ליסינג,פרטית,45000.0,144500.0,MAZDA 3,6896
אאודי,2016,2,אוטומטית,1400.0,בנזין,פרטית,פרטית,93000.0,110000.0,A3,814
הונדה,2011,4,אוטומטית,1800.0,בנזין,פרטית,פרטית,30000.0,147445.0,CIVIC,2656
יונדאי,2020,1,אוטומטית,1600.0,היברידי,חדש,פרטית,95000.0,90000.0,IONIQ HYBRID,9419
יונדאי,2016,5,אוטומטית,2000.0,היברידי,פרטית,פרטית,70000.0,100000.0,SONATA,0
יונדאי,2014,3,אוטומטית,1500.0,בנזין,פרטית,פרטית,26000.0,216000.0,I30,4555
טויוטה,2017,1,אוטומטית,1197.0,בנזין,חדש,פרטית,95000.0,79000.0,C-HR,533
סקודה,2018,2,אוטומטית,2000.0,דיזל,מונית,פרטית,50000.0,155000.0,OCTAVIA,5241
שברולט,2018,2,אוטומטית,1500.0,בנזין,פרטית,פרטית,74000.0,63000.0,MALIBU,146
קיה,2016,2,אוטומטית,1396.0,בנזין,פרטית,פרטית,35000.0,162127.0,RIO,1840
פורד,2013,4,אוטומטית,1600.0,בנזין,פרטית,פרטית,19000.0,220000.0,FOCUS,6181
קיה,2014,2,אוטומטית,1600.0,בנזין,ליסינג,ליסינג,34000.0,141600.0,FORTE,3045
סקודה,2014,3,אוטומטית,1200.0,בנזין,פרטית,פרטית,42000.0,161000.0,OCTAVIA,5586
ב.מ.וו,2015,2,אוטומטית,1998.0,בנזין,פרטית,פרטית,78000.0,111000.0,X1,0
שברולט,2014,1,אוטומטית,2400.0,בנזין,חדש,פרטית,38000.0,120000.0,AVEO,0
הונדה,2007,2,אוטומטית,1800.0,בנזין,פרטית,פרטית,19000.0,152000.0,CIVIC,3354
סקודה,2015,2,אוטומטית,1400.0,בנזין,פרטית,פרטית,40000.0,140000.0,RAPID,2374
קיה,2015,4,אוטומטית,1248.0,בנזין,פרטית,פרטית,39290.0,102550.0,PICANTO,11640
מאזדה,2013,3,אוטומטית,1500.0,בנזין,פרטית,פרטית,40000.0,144000.0,MAZDA 3,736
סקודה,2017,1,אוטומטית,1400.0,בנזין,חדש,פרטית,78000.0,160000.0,OCTAVIA,4685
הונדה,2009,3,אוטומטית,1800.0,בנזין,פרטית,פרטית,25000.0,137000.0,CIVIC,3444
סקודה,2018,1,אוטומטית,1400.0,בנזין,חדש,פרטית,83000.0,110000.0,OCTAVIA,5241
אאודי,2014,1,אוטומטית,2800.0,בנזין,חדש,פרטית,55000.0,100000.0,S7,5
טויוטה,2014,1,אוטומטית,1600.0,בנזין,חדש,פרטית,52000.0,160000.0,COROLLA,12436
שברולט,1988,2,אוטומטית,6500.0,דיזל,פרטית,פרטית,24000.0,250000.0,UPLANDER,0
סובארו,2015,3,אוטומטית,2000.0,בנזין,פרטית,פרטית,38500.0,141000.0,SVX,0
אאודי,2014,3,אוטומטית,1400.0,בנזין,פרטית,פרטית,55000.0,130000.0,A1,248
סוזוקי,2021,1,אוטומטית,1200.0,היברידי,חדש,פרטית,82000.0,44000.0,IGNIS,1678
יונדאי,2015,3,אוטומטית,1000.0,בנזין,פרטית,פרטית,38500.0,115000.0,I10,7163
קיה,2014,3,אוטומטית,1600.0,בנזין,השכרה,פרטית,24000.0,180174.0,FORTE,3045
מיצובישי,2021,1,אוטומטית,1200.0,בנזין,חדש,פרטית,76000.0,25800.0,SPACE STAR,2309
לקסוס,2014,3,אוטומטית,2500.0,היברידי,פרטית,פרטית,82000.0,219000.0,LEXUS IS300H,311
קיה,2014,3,אוטומטית,1200.0,בנזין,פרטית,פרטית,43000.0,130000.0,PICANTO,9755
קרייזלר,2012,3,אוטומטית,3600.0,בנזין,פרטית,פרטית,41000.0,162000.0,VOYAGER,0
מאזדה,2014,3,ידנית,1600.0,בנזין,פרטית,פרטית,50000.0,170000.0,MAZDA 3,6896
סיטרואן,2019,2,אוטומטית,1199.0,בנזין,פרטית,פרטית,88000.0,32000.0,C4,0
פיג'ו,2014,3,אוטומטית,1600.0,בנזין,פרטית,פרטית,33000.0,148000.0,2008,590
קיה,2018,2,אוטומטית,1000.0,בנזין,פרטית,פרטית,73000.0,100000.0,STONIC,1061
פולקסווגן,2011,3,אוטומטית,1200.0,בנזין,פרטית,פרטית,45000.0,62000.0,POLO,2021
וולוו,2016,2,טיפטרוניק,2000.0,בנזין,פרטית,פרטית,60000.0,110000.0,S60,0
יונדאי,2015,1,אוטומטית,1250.0,בנזין,חדש,פרטית,37000.0,180000.0,I10,7163
אאודי,2019,4,אוטומטית,4500.0,גז,פרטית,פרטית,65000.0,54000.0,RS5 COUPE,4
הונדה,2014,1,אוטומטית,1300.0,היברידי,חדש,פרטית,49500.0,120000.0,JAZZ,376
סוזוקי,2016,2,אוטומטית,1600.0,בנזין,פרטית,פרטית,80500.0,119000.0,SX4,0
פולקסווגן,2012,2,אוטומטית,1400.0,בנזין,פרטית,פרטית,28000.0,200000.0,JETTA,1673
אאודי,2009,3,אוטומטית,2000.0,בנזין,פרטית,פרטית,40000.0,244000.0,A4,167
טויוטה,2018,1,אוטומטית,1600.0,בנזין,חדש,פרטית,74999.0,128000.0,COROLLA,5459
פורד,2013,2,אוטומטית,2200.0,בנזין,פרטית,פרטית,29000.0,133000.0,S MAX,295
קיה,2018,1,אוטומטית,1600.0,היברידי,חדש,פרטית,92000.0,88100.0,NIRO,7799
הונדה,2011,3,אוטומטית,1200.0,בנזין,ליסינג,פרטית,22000.0,270000.0,HONDA INSIGHT,0
שברולט,2016,2,אוטומטית,1399.0,בנזין,פרטית,פרטית,40000.0,108000.0,SPARK,4089
יונדאי,2012,3,אוטומטית,1200.0,בנזין,פרטית,פרטית,24000.0,146000.0,I10,2169
רנו,2013,2,אוטומטית,1200.0,בנזין,פרטית,פרטית,37000.0,78000.0,CLIO,631
סיטרואן,2016,3,אוטומטית,1600.0,דיזל,פרטית,פרטית,28000.0,260009.0,C4,360
מאזדה,2009,3,אוטומטית,1600.0,בנזין,פרטית,פרטית,19500.0,130000.0,MAZDA 3,14461
אאודי,2019,2,טיפטרוניק,1600.0,היברידי,חברה,חברה,95000.0,140000.0,ALLROAD,0
יונדאי,2011,2,אוטומטית,1100.0,בנזין,פרטית,פרטית,19850.0,121200.0,I10,3652
פולקסווגן,2013,3,אוטומטית,1800.0,בנזין,פרטית,פרטית,52000.0,133000.0,PASSAT CC,0
פולקסווגן,2012,1,אוטומטית,1400.0,בנזין,חדש,פרטית,30000.0,250000.0,GOLF,1392
קיה,2014,3,אוטומטית,1250.0,בנזין,פרטית,פרטית,40000.0,100000.0,PICANTO,9755
מרצדס,2009,4,אוטומטית,1400.0,בנזין,פרטית,פרטית,79000.0,290000.0,S-CLASS,0
פורד,2012,4,רובוטית,1600.0,בנזין,פרטית,פרטית,18400.0,195978.0,FOCUS,10966
קיה,2015,1,אוטומטית,1600.0,בנזין,חדש,פרטית,73000.0,60000.0,FORTE,2220
מאזדה,2015,3,אוטומטית,1500.0,בנזין,ליסינג,פרטית,36999.0,200000.0,MAZDA 3,6820
אופל,2016,2,אוטומטית,1400.0,בנזין,פרטית,פרטית,67000.0,76000.0,MOKKA,814
פולקסווגן,2014,1,אוטומטית,1568.0,טורבו דיזל,חדש,פרטית,58527.0,194000.0,CADDY COMBI,0
קיה,2013,2,אוטומטית,1400.0,בנזין,פרטית,פרטית,26900.0,147500.0,RIO,2256
אופל,2015,3,אוטומטית,1400.0,בנזין,פרטית,פרטית,20000.0,169000.0,ASTRA,186
סובארו,2016,3,אוטומטית,1600.0,בנזין,פרטית,פרטית,68000.0,107000.0,XV,3838
הונדה,2007,3,אוטומטית,1800.0,בנזין,פרטית,פרטית,21000.0,327000.0,CIVIC,3354
אאודי,2013,3,אוטומטית,1800.0,בנזין,פרטית,פרטית,68000.0,119000.0,A5,36
טויוטה,2014,2,אוטומטית,1600.0,בנזין,פרטית,פרטית,60000.0,148000.0,COROLLA,12436
ב.מ.וו,2015,3,אוטומטית,1600.0,בנזין,פרטית,פרטית,80000.0,180000.0,316I,290
פולקסווגן,2012,6,אוטומטית,1200.0,בנזין,פרטית,פרטית,29000.0,208000.0,GOLF,1392
סיטרואן,2019,1,אוטומטית,1200.0,בנזין,חדש,פרטית,70000.0,44000.0,C3,1357
ב.מ.וו,2010,4,אוטומטית,3000.0,בנזין,פרטית,פרטית,90000.0,118000.0,סדרה 5,0
הונדה,2011,2,אוטומטית,2000.0,בנזין,פרטית,פרטית,45000.0,130000.0,ACCORD,572
יונדאי,2016,2,אוטומטית,1400.0,בנזין,פרטית,פרטית,46000.0,132000.0,I25,5518
סיטרואן,2017,1,רובוטית,998.0,בנזין,חדש,פרטית,35000.0,49000.0,C1,669
פולקסווגן,2013,2,אוטומטית,1400.0,בנזין,פרטית,פרטית,40000.0,110000.0,GOLF,2034
טויוטה,2016,2,אוטומטית,1300.0,בנזין,פרטית,פרטית,61000.0,75000.0,YARIS,3548
פולקסווגן,2008,2,אוטומטית,1600.0,בנזין,פרטית,פרטית,19000.0,143000.0,GOLF,1882
פולקסווגן,2010,2,אוטומטית,1968.0,טורבו דיזל,פרטית,פרטית,20000.0,257000.0,PASSAT,333
וולוו,2014,5,אוטומטית,2000.0,בנזין,פרטית,פרטית,47000.0,180000.0,S60,0
לקסוס,2011,4,אוטומטית,2500.0,בנזין,פרטית,פרטית,84999.0,108000.0,LEXUS IS250,6
סוזוקי,2012,1,אוטומטית,1586.0,בנזין,חדש,פרטית,41000.0,78600.0,SX4,2446
קיה,2012,2,אוטומטית,1600.0,בנזין,פרטית,פרטית,27800.0,102000.0,SOUL,578
וולוו,2018,1,אוטומטית,1500.0,בנזין,חדש,פרטית,87000.0,39000.0,V40,0
סיטרואן,2017,2,אוטומטית,1600.0,בנזין,פרטית,פרטית,45000.0,180000.0,C4,21
ב.מ.וו,2012,1,אוטומטית,2000.0,בנזין,חדש,פרטית,49000.0,95000.0,סדרה 1,0
הונדה,2008,1,טיפטרוניק,1800.0,בנזין,חדש,פרטית,35000.0,100000.0,CIVIC,5497
יונדאי,2020,1,אוטומטית,1200.0,בנזין,חדש,פרטית,78000.0,43000.0,I10,3638
יונדאי,2017,2,אוטומטית,1600.0,היברידי,פרטית,פרטית,79000.0,130000.0,IONIQ HYBRID,6395
סקודה,2013,3,אוטומטית,1800.0,בנזין,פרטית,פרטית,29000.0,150000.0,OCTAVIA,3181
קיה,2015,2,אוטומטית,1248.0,בנזין,פרטית,פרטית,53000.0,52400.0,PICANTO,11640
קיה,2015,2,אוטומטית,1600.0,בנזין,פרטית,פרטית,65000.0,152000.0,CERATO,0
סובארו,2015,1,אוטומטית,1600.0,בנזין,חדש,פרטית,71000.0,64000.0,XV,3552
מאזדה,2012,3,אוטומטית,2000.0,בנזין,פרטית,פרטית,29900.0,209000.0,MAZDA 3,4340
יונדאי,2017,2,ידנית,1000.0,בנזין,פרטית,פרטית,42900.0,116500.0,I10,5794
קיה,2016,2,אוטומטית,1250.0,בנזין,פרטית,פרטית,46000.0,119000.0,PICANTO,12410
אאודי,2016,2,אוטומטית,1000.0,בנזין,פרטית,פרטית,65900.0,119000.0,A1,720
טויוטה,2017,2,אוטומטית,1600.0,בנזין,ליסינג,פרטית,63000.0,147000.0,COROLLA,8332
פורד,2012,4,רובוטית,1600.0,בנזין,פרטית,פרטית,20000.0,162000.0,FOCUS,10966
מאזדה,2013,3,אוטומטית,2000.0,בנזין,חברה,פרטית,24000.0,200000.0,MAZDA 3,736
אאודי,2012,6,אוטומטית,1400.0,בנזין,פרטית,פרטית,43000.0,120000.0,A1,312
מאזדה,2013,3,אוטומטית,2000.0,בנזין,פרטית,פרטית,39000.0,193000.0,MAZDA 5,580
סוזוקי,2011,2,אוטומטית,1290.0,בנזין,פרטית,פרטית,35000.0,180000.0,SWIFT,1505
מאזדה,2015,3,אוטומטית,1500.0,בנזין,פרטית,פרטית,46000.0,125000.0,MAZDA 2,3346
מאזדה,2009,2,אוטומטית,2000.0,בנזין,פרטית,פרטית,25000.0,200000.0,MAZDA 5,1376
רנו,2014,2,אוטומטית,1197.0,בנזין,פרטית,פרטית,28000.0,130000.0,CLIO,1743
שברולט,1990,1,אוטומטית,5500.0,בנזין,חדש,אחר,95000.0,160000.0,CORVETTE,0
קיה,2015,1,אוטומטית,1250.0,בנזין,חדש,פרטית,42000.0,119000.0,PICANTO,11640
יונדאי,2017,2,אוטומטית,1400.0,בנזין,פרטית,פרטית,56000.0,134000.0,I20,3013
מאזדה,2012,2,אוטומטית,2000.0,בנזין,פרטית,פרטית,35000.0,250000.0,MAZDA 5,663
קיה,2017,1,אוטומטית,1248.0,בנזין,חדש,פרטית,55000.0,59000.0,PICANTO,11036
אאודי,2014,2,אוטומטית,1400.0,בנזין,פרטית,פרטית,73000.0,185000.0,A3,681
לקסוס,2010,3,אוטומטית,2500.0,בנזין,פרטית,פרטית,65000.0,125000.0,LEXUS IS250,46
הונדה,2018,2,אוטומטית,1800.0,בנזין,ליסינג,פרטית,75000.0,118000.0,CIVIC,2304
מרצדס,2007,4,אוטומטית,2500.0,בנזין,פרטית,פרטית,40000.0,240000.0,200,0
סובארו,2010,2,אוטומטית,1994.0,בנזין,פרטית,פרטית,28000.0,143000.0,B4,1193
פולקסווגן,2016,1,אוטומטית,1400.0,בנזין,חדש,פרטית,62000.0,151000.0,JETTA,1304
מאזדה,2018,3,אוטומטית,2000.0,בנזין,אחר,פרטית,74500.0,52000.0,MAZDA 3,4531
פיג'ו,2015,2,אוטומטית,1200.0,בנזין,פרטית,פרטית,30000.0,120000.0,308,512
סקודה,2013,4,אוטומטית,1200.0,בנזין,פרטית,פרטית,42000.0,86000.0,OCTAVIA,3181
מאזדה,2016,1,אוטומטית,1500.0,בנזין,חדש,פרטית,49000.0,89000.0,MAZDA 3,5600
סיטרואן,2018,1,אוטומטית,1200.0,בנזין,חדש,פרטית,61000.0,41000.0,C3,1049
אאודי,2010,7,אוטומטית,1800.0,בנזין,פרטית,פרטית,43000.0,177000.0,A4,114
הונדה,2014,2,אוטומטית,2000.0,בנזין,פרטית,פרטית,43000.0,148000.0,CIVIC,2802
סוזוקי,2007,3,ידנית,2000.0,דיזל,פרטית,פרטית,30000.0,179000.0,SX4,0
הונדה,2016,1,אוטומטית,1800.0,בנזין,חדש,פרטית,70000.0,44000.0,CIVIC,2396
יונדאי,2021,1,רובוטית,1200.0,בנזין,חדש,פרטית,81000.0,30000.0,I10,5532
קיה,2020,1,אוטומטית,1600.0,היברידי,חדש,ליסינג,79999.0,141000.0,NIRO,4373
שברולט,2015,3,אוטומטית,2000.0,בנזין,פרטית,פרטית,42000.0,160000.0,MALIBU,0
יונדאי,2020,1,אוטומטית,1000.0,בנזין,חדש,חברה,83000.0,42000.0,I20,6526
פולקסווגן,2012,2,אוטומטית,1200.0,בנזין,פרטית,פרטית,36600.0,145000.0,GOLF,1392
פולקסווגן,2016,1,אוטומטית,1400.0,בנזין,חדש,פרטית,79000.0,34000.0,GOLF,2885
סיטרואן,2017,2,אוטומטית,998.0,בנזין,פרטית,פרטית,40000.0,40000.0,C1,669
יונדאי,2019,2,אוטומטית,1000.0,בנזין,פרטית,פרטית,67000.0,80000.0,I20,5301
סיטרואן,2017,2,אוטומטית,1200.0,בנזין,פרטית,פרטית,50000.0,103000.0,C3,1028
סוזוקי,2019,1,אוטומטית,1200.0,בנזין,חדש,פרטית,81000.0,16800.0,IGNIS,1560
סקודה,2015,2,אוטומטית,1200.0,דיזל,פרטית,פרטית,59000.0,141000.0,OCTAVIA SPACE,130
אופל,2016,1,אוטומטית,1400.0,בנזין,חדש,פרטית,37000.0,119000.0,ASTRA,837
יונדאי,2021,1,אוטומטית,1000.0,בנזין,חדש,חברה,94000.0,25800.0,I20,6016
פולקסווגן,2013,3,אוטומטית,1200.0,בנזין,פרטית,פרטית,42000.0,128800.0,POLO,1395
אופל,2016,1,אוטומטית,1400.0,בנזין,חדש,פרטית,62000.0,120000.0,MOKKA - X,0
מאזדה,2018,2,אוטומטית,2000.0,בנזין,השכרה,פרטית,61500.0,158000.0,MAZDA 3,4531
טויוטה,2014,2,אוטומטית,1598.0,בנזין,פרטית,פרטית,56000.0,124500.0,COROLLA,12436
פולקסווגן,2008,3,אוטומטית,1400.0,בנזין,פרטית,פרטית,20000.0,188000.0,GOLF,1882
יונדאי,2014,2,ידנית,1000.0,בנזין,פרטית,פרטית,21000.0,142500.0,I10,5400
קיה,2013,2,אוטומטית,1600.0,בנזין,פרטית,פרטית,30000.0,160000.0,FORTE,2547
סוזוקי,2018,1,אוטומטית,1400.0,בנזין,חדש,פרטית,95000.0,46000.0,SX4,0
פולקסווגן,2013,2,אוטומטית,2000.0,בנזין,פרטית,פרטית,59000.0,187000.0,PASSAT CC,0
יונדאי,2021,1,רובוטית,1200.0,בנזין,חדש,פרטית,80000.0,12000.0,I10,5532
טויוטה,2017,2,אוטומטית,1600.0,בנזין,פרטית,פרטית,80000.0,92000.0,COROLLA,8332
סקודה,2016,1,אוטומטית,1200.0,בנזין,חדש,פרטית,45000.0,124000.0,FABIA,2617
רנו,2015,3,ידנית,1000.0,בנזין,פרטית,פרטית,30500.0,102000.0,CLIO,2154
פולקסווגן,2016,3,אוטומטית,1400.0,בנזין,פרטית,פרטית,66000.0,94000.0,GOLF,2885
מרצדס,2014,2,אוטומטית,2143.0,דיזל,מונית,מונית,45500.0,246900.0,200,0
מאזדה,2013,2,אוטומטית,2000.0,בנזין,פרטית,פרטית,65000.0,147500.0,MAZDA 5,580
לקסוס,2014,3,אוטומטית,2500.0,היברידי,פרטית,פרטית,82000.0,145000.0,LEXUS IS300H,311
רנו,2015,2,אוטומטית,1500.0,דיזל,פרטית,פרטית,25500.0,225000.0,GRAND SCENIC,144
סקודה,2013,1,ידנית,1400.0,בנזין,חדש,פרטית,24500.0,205000.0,FABIA,274
אופל,2015,3,אוטומטית,1364.0,בנזין,פרטית,פרטית,48150.0,127000.0,ZAFIRA,21
סקודה,2017,1,אוטומטית,1400.0,בנזין,חדש,פרטית,95000.0,30550.0,OCTAVIA,4685
מאזדה,2019,1,אוטומטית,2000.0,בנזין,חדש,פרטית,88000.0,54000.0,MAZDA 3,2676
אופל,2014,2,טיפטרוניק,1600.0,בנזין,ליסינג,פרטית,34000.0,156000.0,INSIGNIA,246
מאזדה,2008,4,אוטומטית,2500.0,בנזין,פרטית,פרטית,23000.0,218000.0,MAZDA 6,4134
שברולט,2021,2,אוטומטית,1400.0,בנזין,פרטית,פרטית,79100.0,23000.0,SPARK,4613
הונדה,2011,1,אוטומטית,1800.0,בנזין,חדש,פרטית,41900.0,84000.0,CIVIC,2656
קיה,2012,2,אוטומטית,900.0,בנזין,פרטית,פרטית,20000.0,230000.0,RIO,2239
סוזוקי,2014,1,ידנית,1240.0,בנזין,חדש,פרטית,28000.0,205000.0,SWIFT,1164
יונדאי,2020,1,אוטומטית,1200.0,בנזין,חדש,פרטית,71500.0,55000.0,I10,3638
שברולט,2016,2,אוטומטית,1400.0,בנזין,פרטית,פרטית,40000.0,134000.0,SPARK,4089
קיה,2021,1,אוטומטית,1200.0,בנזין,חדש,פרטית,78000.0,24000.0,PICANTO,11337
פולקסווגן,2017,1,אוטומטית,1200.0,בנזין,חדש,פרטית,53000.0,150000.0,JETTA,724
לקסוס,2012,4,אוטומטית,1800.0,היברידי,חברה,חברה,53000.0,199000.0,LEXUS CT200H,170
פולקסווגן,2012,3,ידנית,1400.0,בנזין,פרטית,פרטית,29000.0,250000.0,POLO,1952
שברולט,2012,1,אוטומטית,2000.0,טורבו דיזל,חדש,פרטית,21000.0,180000.0,ORLANDO,281
יונדאי,2017,2,אוטומטית,1300.0,בנזין,פרטית,פרטית,67000.0,38000.0,I10,5794
הונדה,2007,1,אוטומטית,1800.0,בנזין,חדש,פרטית,21000.0,245000.0,CIVIC,3354
טויוטה,2017,3,אוטומטית,1800.0,היברידי,ליסינג,פרטית,65000.0,195000.0,AURIS,326
פולקסווגן,2013,2,אוטומטית,1200.0,בנזין,פרטית,פרטית,30000.0,175000.0,POLO,1395
סובארו,2017,2,אוטומטית,1600.0,בנזין,פרטית,פרטית,73000.0,110000.0,XV,3818
קיה,2013,2,אוטומטית,1248.0,בנזין,השכרה,השכרה,32500.0,175000.0,PICANTO,7162
קיה,2014,2,אוטומטית,1250.0,בנזין,פרטית,פרטית,42000.0,73000.0,PICANTO,9755
קיה,2018,2,אוטומטית,1200.0,בנזין,פרטית,פרטית,57000.0,91000.0,PICANTO,8229
קיה,2018,1,אוטומטית,1248.0,בנזין,חדש,פרטית,62500.0,44000.0,PICANTO,8229
ניסאן,2018,2,אוטומטית,2500.0,בנזין,פרטית,פרטית,98000.0,71500.0,ALTIMA,58
סקודה,2015,2,אוטומטית,1395.0,בנזין,פרטית,פרטית,40000.0,144000.0,RAPID,2374
סקודה,2013,2,אוטומטית,1200.0,בנזין,פרטית,פרטית,30000.0,160000.0,OCTAVIA,3181
מאזדה,2004,1,אוטומטית,2000.0,בנזין,חדש,פרטית,20000.0,135000.0,MAZDA 3,0
טויוטה,2019,2,אוטומטית,1600.0,היברידי,ליסינג,פרטית,85000.0,155000.0,COROLLA,394
הונדה,2015,3,אוטומטית,1500.0,בנזין,פרטית,פרטית,56000.0,115000.0,CIVIC,2221
טויוטה,2018,2,אוטומטית,1598.0,בנזין,פרטית,פרטית,62000.0,125000.0,COROLLA,5459
מאזדה,2010,2,אוטומטית,1600.0,בנזין,פרטית,פרטית,27000.0,160000.0,MAZDA 3,16387
סוזוקי,2011,2,אוטומטית,1000.0,בנזין,פרטית,פרטית,20000.0,80000.0,ALTO,3699
טויוטה,2020,2,אוטומטית,1590.0,בנזין,פרטית,פרטית,90000.0,54000.0,YARIS,1262
יונדאי,2014,2,אוטומטית,1400.0,בנזין,ליסינג,פרטית,26000.0,183000.0,I25,3736
מיצובישי,2017,3,אוטומטית,1200.0,בנזין,פרטית,פרטית,38500.0,57000.0,SPACE STAR,1746
סוזוקי,2015,1,אוטומטית,1600.0,בנזין,חדש,פרטית,55000.0,190000.0,CROSSOVER,0
הונדה,2011,3,אוטומטית,1300.0,בנזין,פרטית,פרטית,31000.0,121000.0,JAZZ,361
פיג'ו,2019,2,אוטומטית,1000.0,בנזין,פרטית,פרטית,40000.0,38000.0,108,128
הונדה,2016,2,אוטומטית,1300.0,בנזין,פרטית,פרטית,51900.0,130000.0,JAZZ,2308
יונדאי,2014,2,אוטומטית,1600.0,בנזין,ליסינג,פרטית,40000.0,165000.0,I25,3736
סיטרואן,2014,3,אוטומטית,1600.0,בנזין,פרטית,פרטית,23000.0,145000.0,DS3,23
מאזדה,2008,2,אוטומטית,2000.0,בנזין,פרטית,פרטית,29500.0,111000.0,MAZDA 6,4134
יונדאי,2021,1,אוטומטית,1000.0,בנזין,חדש,פרטית,88000.0,25800.0,I20,6016
סוזוקי,2018,1,אוטומטית,1200.0,בנזין,חדש,פרטית,72000.0,17600.0,IGNIS,2019
פולקסווגן,2012,2,טיפטרוניק,1800.0,בנזין,ליסינג,פרטית,26000.0,200000.0,PASSAT,655
קיה,2017,1,אוטומטית,1600.0,בנזין,חדש,פרטית,69000.0,79000.0,FORTE,2179
סיטרואן,2018,1,אוטומטית,1199.0,בנזין,חדש,פרטית,59500.0,73000.0,C4,0
טויוטה,2014,2,אוטומטית,1600.0,בנזין,ליסינג,פרטית,46000.0,185000.0,COROLLA,12436
ניסאן,2014,3,ידנית,1200.0,בנזין,פרטית,פרטית,22500.0,104000.0,MICRA,3781
סוזוקי,2014,2,אוטומטית,1600.0,בנזין,פרטית,פרטית,48000.0,140000.0,CROSSOVER,0
קיה,2015,2,אוטומטית,1400.0,בנזין,פרטית,פרטית,29000.0,200000.0,RIO,2758
טויוטה,2015,2,אוטומטית,1798.0,היברידי,ליסינג,ליסינג,80000.0,231000.0,PRIUS,0
טויוטה,2013,1,אוטומטית,1600.0,בנזין,חדש,פרטית,58000.0,99000.0,COROLLA,8124
טויוטה,2015,2,אוטומטית,1490.0,בנזין,חברה,חברה,63000.0,40000.0,YARIS,4016
פולקסווגן,2011,3,ידנית,1400.0,בנזין,פרטית,פרטית,40000.0,200000.0,SCIROCCO,266
אופל,2015,2,אוטומטית,1400.0,בנזין,פרטית,פרטית,50000.0,76000.0,MOKKA - X,0
הונדה,2014,2,אוטומטית,1300.0,בנזין,פרטית,פרטית,47000.0,90000.0,JAZZ,376
פורד,2014,2,אוטומטית,1600.0,בנזין,פרטית,פרטית,23000.0,148000.0,FOCUS,3930
סוזוקי,2012,1,ידנית,1242.0,בנזין,חדש,פרטית,28000.0,105000.0,SWIFT,1906
ניסאן,2011,3,אוטומטית,1600.0,בנזין,פרטית,פרטית,30000.0,169700.0,JUKE,2931
קיה,2019,1,אוטומטית,1400.0,בנזין,חדש,פרטית,59000.0,128000.0,XCEED,10
הונדה,2014,1,אוטומטית,1800.0,בנזין,חדש,פרטית,52000.0,97000.0,CIVIC,2802
יונדאי,2019,1,אוטומטית,1400.0,דיזל,חדש,פרטית,78000.0,48000.0,I20,5301
יונדאי,2019,2,אוטומטית,1000.0,בנזין,פרטית,פרטית,71000.0,59000.0,I20,5301
סיטרואן,2009,1,רובוטית,1997.0,בנזין,חדש,פרטית,20000.0,122000.0,C4,782
טויוטה,2015,3,אוטומטית,1800.0,היברידי,פרטית,פרטית,66500.0,107000.0,AURIS,234
סובארו,2016,1,אוטומטית,1600.0,בנזין,חדש,חברה,50000.0,52000.0,IMPREZA,1154
וולוו,2008,2,אוטומטית,2400.0,בנזין,פרטית,פרטית,33500.0,133000.0,S60,398
סקודה,2013,4,אוטומטית,1800.0,בנזין,פרטית,פרטית,29000.0,225000.0,SUPERB,828
סקודה,2016,2,טיפטרוניק,1800.0,בנזין,פרטית,פרטית,94000.0,139000.0,NEW SUPERB,1691
יונדאי,2018,2,אוטומטית,1600.0,היברידי,פרטית,פרטית,90000.0,111000.0,IONIQ HYBRID,9556
סקודה,2013,3,אוטומטית,1800.0,בנזין,פרטית,פרטית,35000.0,160000.0,OCTAVIA,3181
טויוטה,2013,3,אוטומטית,1800.0,היברידי,פרטית,פרטית,44000.0,201000.0,PRIUS,0
טויוטה,2013,3,אוטומטית,1300.0,בנזין,פרטית,פרטית,31000.0,123600.0,SPACE VERSO,592
סקודה,2017,2,אוטומטית,1000.0,בנזין,פרטית,פרטית,68000.0,139000.0,OCTAVIA,4685
קיה,2017,1,אוטומטית,1498.0,בנזין,חדש,פרטית,42700.0,195000.0,FORTE,2179
סקודה,2015,3,אוטומטית,1400.0,בנזין,פרטית,פרטית,58000.0,158000.0,OCTAVIA,6685
הונדה,1999,3,אוטומטית,1600.0,בנזין,פרטית,פרטית,20000.0,155000.0,CIVIC,235
רנו,2013,2,אוטומטית,1500.0,דיזל,פרטית,פרטית,30000.0,190000.0,FLUENCE,3373
סקודה,2016,1,אוטומטית,1200.0,בנזין,חדש,פרטית,69000.0,50000.0,FABIA,2617
מאזדה,2010,3,אוטומטית,2000.0,בנזין,פרטית,פרטית,35000.0,303170.0,MAZDA 5,1434
הונדה,2010,3,אוטומטית,2000.0,בנזין,פרטית,פרטית,33000.0,189300.0,ACCORD,676
קיה,2016,2,אוטומטית,1250.0,בנזין,פרטית,פרטית,40000.0,73000.0,PICANTO,12410
פורד,2013,3,אוטומטית,1600.0,בנזין,פרטית,פרטית,22500.0,120000.0,FOCUS,6181
קיה,2014,1,טיפטרוניק,2400.0,בנזין,חדש,פרטית,69000.0,125000.0,CERATO,0
מרצדס,2005,8,אוטומטית,3500.0,בנזין,פרטית,פרטית,80000.0,250000.0,SLK,0
הונדה,2010,3,אוטומטית,1800.0,בנזין,פרטית,פרטית,29000.0,140000.0,CIVIC,4224
סוזוקי,2014,1,אוטומטית,1600.0,בנזין,חדש,פרטית,59000.0,49000.0,SX4,2577
קיה,2016,1,אוטומטית,1248.0,בנזין,חדש,פרטית,40000.0,87000.0,PICANTO,12410
סובארו,2015,2,אוטומטית,1500.0,בנזין,פרטית,פרטית,51000.0,70233.0,IMPREZA,1715
סקודה,2015,2,אוטומטית,1200.0,בנזין,פרטית,פרטית,47000.0,146000.0,FABIA,2060
טויוטה,2017,5,אוטומטית,1600.0,בנזין,ליסינג,פרטית,59000.0,115000.0,COROLLA,8332
יונדאי,2017,2,אוטומטית,1600.0,בנזין,פרטית,פרטית,68000.0,53000.0,ELANTRA,3073
סוזוקי,2018,1,אוטומטית,1200.0,בנזין,חדש,פרטית,74000.0,60500.0,BALENO,2420
ב.מ.וו,2016,4,אוטומטית,1500.0,בנזין,פרטית,פרטית,78000.0,85000.0,סדרה 1,0
מאזדה,2009,3,אוטומטית,2000.0,בנזין,פרטית,פרטית,27000.0,189000.0,MAZDA 3,14461
פולקסווגן,2011,2,אוטומטית,1600.0,בנזין,פרטית,פרטית,25000.0,105000.0,GOLF,1961
שברולט,2014,3,אוטומטית,1800.0,בנזין,פרטית,פרטית,38000.0,113000.0,TRAX,2075
הונדה,2009,4,אוטומטית,2000.0,בנזין,פרטית,פרטית,34000.0,134000.0,FR-V,486
סוזוקי,2014,1,אוטומטית,1586.0,בנזין,חדש,חברה,48000.0,160000.0,CROSSOVER,0
יונדאי,2019,1,אוטומטית,1250.0,בנזין,חדש,חברה,61900.0,63000.0,I10,8070
פולקסווגן,2014,5,ידנית,1400.0,בנזין,פרטית,פרטית,74000.0,110000.0,SCIROCCO,70
סיטרואן,2016,2,ידנית,1000.0,בנזין,פרטית,פרטית,25000.0,77780.0,C1,694
ניסאן,2017,2,אוטומטית,1800.0,בנזין,השכרה,פרטית,40000.0,170000.0,SENTRA,1718
הונדה,2009,5,אוטומטית,2000.0,בנזין,פרטית,פרטית,40000.0,148000.0,ACCORD,969
דייהטסו,2010,3,אוטומטית,1300.0,בנזין,פרטית,פרטית,19500.0,145000.0,SIRION,3247
מיצובישי,2017,1,אוטומטית,1200.0,בנזין,חדש,פרטית,42000.0,67000.0,SPACE STAR,1746
יונדאי,2017,1,אוטומטית,1999.0,בנזין,חדש,פרטית,99000.0,125300.0,SONATA,0
יונדאי,2018,2,אוטומטית,1250.0,בנזין,פרטית,פרטית,60000.0,34900.0,I10,7388
פולקסווגן,2010,6,טיפטרוניק,1800.0,בנזין,ליסינג,פרטית,20000.0,160000.0,PASSAT,333
פולקסווגן,2014,2,אוטומטית,1200.0,בנזין,פרטית,פרטית,42000.0,153000.0,GOLF,1510
אופל,2014,1,אוטומטית,1400.0,בנזין,חדש,פרטית,34000.0,122000.0,ASTRA,272
יונדאי,2017,2,אוטומטית,1600.0,בנזין,ליסינג,פרטית,57000.0,146000.0,I30,297
יונדאי,2016,2,אוטומטית,2000.0,בנזין,פרטית,פרטית,89000.0,99000.0,SONATA,0
הונדה,2017,2,אוטומטית,1300.0,בנזין,ליסינג,פרטית,59500.0,135000.0,JAZZ,3048
טויוטה,2014,2,אוטומטית,1800.0,היברידי,פרטית,פרטית,52500.0,125000.0,PRIUS,0
סוזוקי,2018,1,אוטומטית,1200.0,בנזין,חדש,פרטית,71000.0,83000.0,SWIFT,1629
טויוטה,2013,3,אוטומטית,1600.0,בנזין,פרטית,פרטית,51000.0,110000.0,COROLLA,8124
סקודה,2016,2,רובוטית,1200.0,בנזין,פרטית,פרטית,66000.0,80500.0,OCTAVIA,8085
סקודה,2015,4,אוטומטית,1800.0,בנזין,פרטית,פרטית,50000.0,170000.0,SUPERB,546
הונדה,2008,7,אוטומטית,1800.0,בנזין,פרטית,פרטית,20000.0,180000.0,CIVIC,5497
טויוטה,2017,1,אוטומטית,1300.0,בנזין,חדש,פרטית,68000.0,65000.0,YARIS,3353
קיה,2016,1,אוטומטית,1591.0,בנזין,חדש,פרטית,94000.0,105000.0,PRIDE,0
מאזדה,2014,5,אוטומטית,2000.0,בנזין,השכרה,פרטית,35000.0,194000.0,MAZDA 6,1439
סוזוקי,2019,1,אוטומטית,1400.0,בנזין,חדש,פרטית,98000.0,38000.0,CROSSOVER,183
שברולט,2017,1,אוטומטית,6600.0,דיזל,חדש,פרטית,95000.0,130000.0,סלבריטי,0
קיה,2017,2,אוטומטית,998.0,בנזין,פרטית,פרטית,55000.0,82000.0,PICANTO,11036
סובארו,2014,3,אוטומטית,2000.0,בנזין,פרטית,פרטית,60000.0,260000.0,XV,1421
פולקסווגן,2012,3,ידנית,1400.0,בנזין,פרטית,פרטית,32000.0,116000.0,POLO,1952
פולקסווגן,2014,3,אוטומטית,1800.0,בנזין,פרטית,פרטית,55000.0,153000.0,PASSAT CC,0
הונדה,2016,2,אוטומטית,1800.0,בנזין,פרטית,פרטית,70000.0,75000.0,CIVIC,2396
ניסאן,2018,2,ידנית,1200.0,בנזין,ליסינג,חברה,19000.0,186825.0,MICRA,4933
מאזדה,2014,3,אוטומטית,2000.0,בנזין,פרטית,פרטית,68000.0,145000.0,MAZDA 5,644
דייהטסו,2005,3,אוטומטית,1300.0,בנזין,פרטית,פרטית,20000.0,167000.0,TERIOS,173
רנו,2013,1,אוטומטית,1200.0,חשמלי,חדש,פרטית,25000.0,70000.0,FLUENCE,3373
סקודה,2018,1,אוטומטית,1000.0,בנזין,חדש,ליסינג,46990.0,129000.0,FABIA SPACE,131
הונדה,2010,1,אוטומטית,1800.0,בנזין,חדש,פרטית,29000.0,124700.0,CIVIC,4224
ב.מ.וו,2010,3,אוטומטית,2000.0,בנזין,פרטית,פרטית,40000.0,115000.0,120I,7
יונדאי,2022,2,אוטומטית,1200.0,בנזין,פרטית,פרטית,73000.0,16800.0,I10,4747
יונדאי,2014,4,אוטומטית,1600.0,בנזין,פרטית,פרטית,37000.0,193000.0,I30,4555
ב.מ.וו,2006,6,אוטומטית,3000.0,בנזין,פרטית,פרטית,25000.0,280000.0,סדרה 5,0
קיה,2019,1,אוטומטית,1300.0,בנזין,חדש,פרטית,75000.0,35000.0,PICANTO,7692
קיה,2014,3,אוטומטית,1200.0,בנזין,פרטית,פרטית,31000.0,180000.0,PICANTO,9755
הונדה,2011,1,רובוטית,1300.0,בנזין,חדש,פרטית,26000.0,197000.0,JAZZ,361
מיני,2013,2,אוטומטית,1600.0,בנזין,אחר,פרטית,70000.0,70000.0,COUNTRYMAN,0
קיה,2016,1,אוטומטית,1250.0,בנזין,חדש,פרטית,55000.0,21000.0,PICANTO,12410
יונדאי,2019,1,אוטומטית,1200.0,בנזין,חדש,ליסינג,60000.0,64000.0,I10,8070
סוזוקי,2020,2,אוטומטית,1242.0,בנזין,חברה,חברה,84500.0,18000.0,SWIFT,1265
פולקסווגן,2011,3,אוטומטית,1200.0,בנזין,פרטית,פרטית,21900.0,185000.0,POLO,2021
סובארו,2015,2,אוטומטית,1600.0,בנזין,פרטית,פרטית,60000.0,55000.0,XV,3552
טויוטה,2017,1,אוטומטית,1598.0,בנזין,חדש,חברה,90000.0,80000.0,COROLLA,8332
יונדאי,2018,1,אוטומטית,1400.0,בנזין,חדש,פרטית,66000.0,55100.0,I25,2727
אופל,2013,1,אוטומטית,1400.0,בנזין,חדש,פרטית,30000.0,102000.0,ASTRA,527
סקודה,2016,2,אוטומטית,1197.0,בנזין,פרטית,פרטית,55000.0,112000.0,FABIA,2617
קיה,2016,2,אוטומטית,1400.0,בנזין,ליסינג,פרטית,36000.0,145000.0,NIRO,166
קיה,2017,2,אוטומטית,1200.0,בנזין,פרטית,פרטית,50000.0,160000.0,PICANTO,11036
מרצדס,2002,3,אוטומטית,3200.0,בנזין,פרטית,פרטית,21000.0,299000.0,220,0
פולקסווגן,2012,2,אוטומטית,1200.0,בנזין,פרטית,פרטית,27000.0,200000.0,JETTA,1673
טויוטה,2014,2,אוטומטית,1600.0,בנזין,פרטית,פרטית,62000.0,148000.0,COROLLA,12436
אלפא רומיאו,2011,2,רובוטית,3000.0,בנזין,פרטית,פרטית,36000.0,140000.0,159,0
קיה,2014,1,ידנית,1000.0,בנזין,חדש,פרטית,24900.0,127000.0,PICANTO,9755
אלפא רומיאו,2012,3,ידנית,1400.0,בנזין,פרטית,פרטית,24999.0,122000.0,ALFA MITO,98
שברולט,2018,1,אוטומטית,1470.0,בנזין,חדש,פרטית,84000.0,93000.0,EQUINOX,1194
קיה,2019,3,אוטומטית,1400.0,בנזין,פרטית,פרטית,70000.0,66000.0,RIO,624
יונדאי,2019,2,אוטומטית,1600.0,בנזין,חברה,פרטית,82000.0,100000.0,IONIQ HYBRID,10528
פיג'ו,2016,3,רובוטית,1200.0,בנזין,פרטית,פרטית,25000.0,99000.0,208,2077
אאודי,2009,3,אוטומטית,2800.0,בנזין,פרטית,פרטית,29000.0,165000.0,A6,124
הונדה,2015,2,אוטומטית,2000.0,בנזין,ליסינג,פרטית,57000.0,130000.0,ACCORD,281
ניסאן,2011,4,אוטומטית,1600.0,בנזין,פרטית,פרטית,28000.0,135000.0,JUKE,2931
סקודה,2014,2,אוטומטית,1800.0,בנזין,אחר,פרטית,40000.0,158600.0,SUPERB,842
הונדה,2015,2,אוטומטית,1800.0,בנזין,פרטית,פרטית,65000.0,57000.0,CIVIC,2221
סובארו,2014,3,אוטומטית,1600.0,בנזין,פרטית,פרטית,25000.0,187000.0,IMPREZA,1445
הונדה,2018,2,אוטומטית,1800.0,בנזין,פרטית,פרטית,67000.0,149000.0,CIVIC,2304
אופל,2013,3,אוטומטית,1400.0,בנזין,פרטית,פרטית,22000.0,148214.0,ASTRA,527
פולקסווגן,1983,3,ידנית,1400.0,בנזין,פרטית,פרטית,40000.0,100000.0,BEETLE,0
סקודה,2016,2,אוטומטית,1200.0,בנזין,פרטית,פרטית,59300.0,155000.0,OCTAVIA,8085
הונדה,2018,2,אוטומטית,1600.0,בנזין,השכרה,השכרה,72000.0,99000.0,CIVIC,2304
סקודה,2017,2,אוטומטית,1400.0,בנזין,פרטית,פרטית,45000.0,175000.0,RAPID,4255
מאזדה,2008,8,טיפטרוניק,2000.0,גז,השכרה,פרטית,23000.0,230000.0,MAZDA 6,4134
סובארו,2009,2,אוטומטית,2000.0,בנזין,פרטית,פרטית,26500.0,164000.0,B3,0
טויוטה,2013,3,אוטומטית,1800.0,בנזין,פרטית,פרטית,49000.0,194000.0,VERSO,1179
אופל,2020,1,אוטומטית,1200.0,בנזין,חדש,פרטית,82000.0,16500.0,CORSA,347
טויוטה,2016,2,אוטומטית,1800.0,היברידי,פרטית,פרטית,80000.0,99822.0,PRIUS,1064
סוזוקי,2016,1,אוטומטית,1600.0,בנזין,חדש,פרטית,69500.0,49600.0,SX4,0
ב.מ.וו,2006,3,אוטומטית,2500.0,בנזין,פרטית,פרטית,35000.0,220000.0,סדרה 5,0
פולקסווגן,2012,2,אוטומטית,1400.0,בנזין,פרטית,פרטית,37000.0,200000.0,JETTA,1673
קיה,2015,2,אוטומטית,1600.0,בנזין,אחר,פרטית,36000.0,141000.0,FORTE,2220
אופל,2013,2,אוטומטית,1400.0,בנזין,פרטית,פרטית,29000.0,157000.0,ASTRA,527
סקודה,2018,1,אוטומטית,1600.0,בנזין,חדש,פרטית,70000.0,98000.0,YETI,155
קיה,2018,2,אוטומטית,1000.0,בנזין,ליסינג,פרטית,45000.0,65000.0,PICANTO,8229
שברולט,2014,2,ידנית,1364.0,בנזין,פרטית,פרטית,55000.0,140000.0,TRAX,2075
אופל,2015,1,רובוטית,1400.0,בנזין,חדש,פרטית,35000.0,95000.0,ADAM,252
סוזוקי,2016,3,אוטומטית,1600.0,בנזין,פרטית,פרטית,72000.0,140000.0,SX4,0
הונדה,2020,1,אוטומטית,1500.0,בנזין,חדש,פרטית,95000.0,83000.0,CIVIC,76
הונדה,2013,3,אוטומטית,1800.0,בנזין,פרטית,פרטית,36000.0,168000.0,CIVIC,3109
פולקסווגן,2017,2,אוטומטית,1200.0,בנזין,ליסינג,פרטית,57000.0,140000.0,JETTA,724
הונדה,2015,1,אוטומטית,1600.0,בנזין,חדש,פרטית,49000.0,100000.0,CIVIC,2221
אלפא רומיאו,2015,3,אוטומטית,1800.0,בנזין,פרטית,פרטית,80000.0,180000.0,ALFA GIULIETTA,332
מאזדה,2009,2,אוטומטית,2000.0,בנזין,פרטית,פרטית,22000.0,200000.0,MAZDA 5,1376
הונדה,2014,2,אוטומטית,1798.0,בנזין,פרטית,פרטית,47200.0,148000.0,CIVIC,2802
טויוטה,2017,2,אוטומטית,1800.0,היברידי,פרטית,פרטית,73000.0,160000.0,PRIUS,918
טויוטה,2013,3,אוטומטית,1600.0,בנזין,פרטית,פרטית,48000.0,176000.0,COROLLA,8124
סובארו,2009,3,ידנית,2500.0,בנזין,פרטית,פרטית,95000.0,124000.0,IMPREZA,0
סוזוקי,2007,6,אוטומטית,1300.0,בנזין,פרטית,פרטית,43000.0,280000.0,SX4,0
סקודה,2013,2,אוטומטית,1200.0,בנזין,פרטית,פרטית,27000.0,165000.0,OCTAVIA,3181
פולקסווגן,2015,2,אוטומטית,1800.0,בנזין,פרטית,פרטית,72000.0,141000.0,PASSAT,785
פיג'ו,2016,2,אוטומטית,1200.0,בנזין,ליסינג,פרטית,25000.0,119000.0,308,350
ניסאן,2020,1,אוטומטית,1500.0,בנזין,חדש,פרטית,75000.0,100000.0,JUKE,530
מיצובישי,2014,2,אוטומטית,2000.0,בנזין,פרטית,פרטית,69000.0,200000.0,OUTLANDER,3880
סקודה,2016,2,אוטומטית,1197.0,בנזין,פרטית,פרטית,55000.0,119000.0,OCTAVIA,8085
סקודה,2017,2,אוטומטית,1200.0,בנזין,ליסינג,ליסינג,66000.0,145000.0,OCTAVIA,4685
פולקסווגן,2016,2,אוטומטית,1400.0,בנזין,פרטית,פרטית,61000.0,128000.0,GOLF,2885
יונדאי,2017,2,אוטומטית,2000.0,בנזין,ליסינג,פרטית,90000.0,70000.0,SONATA,0
קיה,2015,2,אוטומטית,1248.0,בנזין,פרטית,פרטית,35000.0,91800.0,PICANTO,11640
מאזדה,2007,1,אוטומטית,2000.0,בנזין,חדש,פרטית,19900.0,200000.0,MAZDA 5,2247
רנו,2013,3,אוטומטית,1461.0,דיזל,פרטית,פרטית,45000.0,266000.0,FLUENCE,3373
יונדאי,2014,2,אוטומטית,1248.0,בנזין,פרטית,פרטית,33000.0,118000.0,I10,5400
פורד,2008,1,אוטומטית,4000.0,בנזין,חדש,פרטית,84000.0,120000.0,MUSTANG,0
לקסוס,2008,3,אוטומטית,3000.0,בנזין,פרטית,פרטית,40000.0,240000.0,LEXUS GS300,0
פיג'ו,2015,3,אוטומטית,1600.0,בנזין,פרטית,פרטית,25000.0,190000.0,508,179
הונדה,2015,1,אוטומטית,2000.0,היברידי,חדש,פרטית,75000.0,172000.0,ACCORD,281
סובארו,2015,2,אוטומטית,2000.0,בנזין,פרטית,פרטית,74850.0,112000.0,XV,3552
קיה,2012,2,אוטומטית,1250.0,בנזין,פרטית,פרטית,31000.0,119874.0,PICANTO,3780
סוזוקי,2019,2,אוטומטית,1200.0,בנזין,פרטית,פרטית,73000.0,52000.0,BALENO,2732
פולקסווגן,2018,2,אוטומטית,1400.0,בנזין,פרטית,פרטית,89000.0,61000.0,GOLF,1929
לקסוס,2008,4,אוטומטית,3200.0,גז,פרטית,פרטית,60000.0,180000.0,RC,0
סקודה,2011,3,אוטומטית,1800.0,בנזין,פרטית,פרטית,27000.0,26000.0,SUPERB,785
פורד,2013,3,אוטומטית,1600.0,בנזין,פרטית,פרטית,23000.0,178000.0,FOCUS,6181
הונדה,2010,1,אוטומטית,1800.0,בנזין,חדש,פרטית,33000.0,100300.0,CIVIC,4224
קיה,2015,1,אוטומטית,1200.0,בנזין,חדש,פרטית,48000.0,50000.0,PICANTO,11640
סובארו,2008,7,אוטומטית,2500.0,בנזין,פרטית,פרטית,22000.0,157000.0,B4,1347
יונדאי,2017,1,אוטומטית,1600.0,היברידי,חדש,פרטית,84000.0,87000.0,IONIQ HYBRID,6395
יונדאי,2017,1,אוטומטית,1250.0,בנזין,חדש,פרטית,47500.0,126600.0,I10,5794
יונדאי,2011,4,אוטומטית,1600.0,בנזין,פרטית,פרטית,19000.0,225000.0,I30,7194
סובארו,2015,2,אוטומטית,1600.0,בנזין,פרטית,פרטית,65000.0,130000.0,XV,3552
ניסאן,2017,2,ידנית,1200.0,בנזין,פרטית,פרטית,24000.0,180000.0,MICRA,3821
הונדה,2011,3,אוטומטית,1800.0,בנזין,פרטית,פרטית,29000.0,180000.0,CIVIC,2656
קיה,2015,1,אוטומטית,1250.0,בנזין,חדש,פרטית,43500.0,57000.0,PICANTO,11640
הונדה,2016,1,אוטומטית,1800.0,בנזין,חדש,פרטית,60000.0,44000.0,CIVIC,2396
סוזוקי,2018,1,אוטומטית,1374.0,בנזין,חדש,פרטית,91000.0,61000.0,CROSSOVER,0
קיה,2018,1,אוטומטית,1400.0,בנזין,חדש,פרטית,63700.0,12000.0,PICANTO,8229
טויוטה,2013,2,אוטומטית,1470.0,היברידי,פרטית,פרטית,42000.0,167000.0,YARIS,3005
מיצובישי,2012,1,אוטומטית,2000.0,בנזין,חדש,פרטית,45500.0,125500.0,OUTLANDER,610
ב.מ.וו,2010,4,אוטומטית,2000.0,בנזין,פרטית,פרטית,33000.0,160000.0,סדרה 1,0
סוזוקי,2018,1,אוטומטית,1250.0,בנזין,חדש,פרטית,69000.0,60000.0,SWIFT,1629
טויוטה,2018,2,אוטומטית,1497.0,היברידי,פרטית,פרטית,77000.0,90000.0,YARIS,2951
ניסאן,2020,2,ידנית,1000.0,בנזין,פרטית,פרטית,52500.0,70000.0,MICRA,331
ב.מ.וו,2012,5,אוטומטית,1600.0,בנזין,פרטית,פרטית,60000.0,129000.0,סדרה 1,0
מאזדה,2009,4,אוטומטית,2000.0,בנזין,פרטית,פרטית,25500.0,172000.0,MAZDA 3,14461
הונדה,2017,2,אוטומטית,1100.0,בנזין,פרטית,פרטית,52000.0,150000.0,JAZZ,3048
הונדה,2017,1,אוטומטית,1318.0,בנזין,חדש,פרטית,70000.0,43000.0,JAZZ,3048
סיטרואן,2017,2,אוטומטית,1400.0,בנזין,פרטית,פרטית,56500.0,125000.0,C4,21
קיה,2016,1,אוטומטית,1250.0,בנזין,חדש,חברה,51500.0,89000.0,PICANTO,12410
סקודה,2013,3,אוטומטית,1800.0,בנזין,פרטית,פרטית,36000.0,222000.0,SUPERB,828
סקודה,2016,2,אוטומטית,1197.0,בנזין,פרטית,פרטית,62000.0,93500.0,OCTAVIA SPACE,9
יונדאי,2013,5,אוטומטית,1600.0,בנזין,פרטית,פרטית,42000.0,180000.0,VELOSTER,477
אאודי,2015,2,אוטומטית,1798.0,בנזין,פרטית,פרטית,85000.0,99000.0,A4,308
אאודי,2013,2,אוטומטית,1800.0,בנזין,פרטית,פרטית,67000.0,180000.0,A3,389
הונדה,2018,1,אוטומטית,1800.0,בנזין,חדש,פרטית,79000.0,79000.0,CIVIC,2304
פולקסווגן,2012,1,אוטומטית,1400.0,בנזין,חדש,ליסינג,33000.0,90000.0,JETTA,1673
יונדאי,2016,2,אוטומטית,1500.0,בנזין,פרטית,פרטית,63000.0,105000.0,I30,1932
סיטרואן,2018,1,אוטומטית,1200.0,בנזין,חדש,פרטית,65000.0,56000.0,C4,0
הונדה,2017,2,אוטומטית,1798.0,בנזין,פרטית,פרטית,54900.0,122000.0,CIVIC,2355
הונדה,2018,1,אוטומטית,1800.0,בנזין,חדש,פרטית,86900.0,66400.0,CIVIC,2304
דייהטסו,2010,3,אוטומטית,1495.0,בנזין,פרטית,פרטית,37700.0,165000.0,TERIOS,741
מאזדה,2009,4,אוטומטית,1600.0,בנזין,פרטית,פרטית,20000.0,157000.0,MAZDA 3,14461
יונדאי,2021,2,אוטומטית,1000.0,בנזין,פרטית,פרטית,87000.0,19500.0,I20,6016
פולקסווגן,2011,8,אוטומטית,1400.0,בנזין,השכרה,פרטית,35500.0,165000.0,GOLF,1961
סיטרואן,2021,1,אוטומטית,1200.0,בנזין,חדש,פרטית,90000.0,16500.0,C3,1278
פולקסווגן,2015,1,אוטומטית,1400.0,בנזין,חדש,פרטית,70000.0,17000.0,PASSAT,785
שברולט,2017,2,אוטומטית,1500.0,בנזין,פרטית,פרטית,75000.0,65000.0,MALIBU,73
יונדאי,2019,1,אוטומטית,2000.0,בנזין,חדש,חברה,80000.0,220000.0,IONIQ HYBRID,10528
סקודה,2015,2,אוטומטית,1200.0,בנזין,ליסינג,פרטית,42000.0,217000.0,OCTAVIA SPACE,130
ניסאן,2014,4,אוטומטית,1600.0,בנזין,פרטית,פרטית,41000.0,72000.0,JUKE,2249
מרצדס,2019,4,אוטומטית,2500.0,בנזין,חברה,פרטית,86000.0,54000.0,E CLASS,0
יונדאי,2018,2,אוטומטית,1000.0,בנזין,פרטית,פרטית,58000.0,56000.0,I10,7388
טויוטה,2017,1,אוטומטית,1800.0,היברידי,חדש,פרטית,77000.0,80000.0,AURIS,326
הונדה,2008,1,אוטומטית,1998.0,בנזין,חדש,פרטית,24000.0,130928.0,ACCORD,1826
יונדאי,2016,1,אוטומטית,1600.0,בנזין,חדש,פרטית,45000.0,130000.0,I25,5518
סקודה,2016,3,אוטומטית,1200.0,בנזין,פרטית,פרטית,67000.0,170000.0,OCTAVIA,8085
סוזוקי,2017,1,אוטומטית,1400.0,בנזין,חדש,חברה,74000.0,127000.0,CROSSOVER,0
קיה,2018,1,אוטומטית,1200.0,בנזין,חדש,פרטית,68000.0,31700.0,PICANTO,8229
הונדה,2017,1,אוטומטית,1000.0,בנזין,חדש,פרטית,50000.0,90000.0,JAZZ,3048
יונדאי,2016,2,אוטומטית,1250.0,בנזין,פרטית,פרטית,47000.0,90000.0,I10,5355
קיה,2016,2,אוטומטית,1248.0,בנזין,פרטית,פרטית,50000.0,81000.0,PICANTO,12410
מיני,2010,4,אוטומטית,1600.0,בנזין,פרטית,פרטית,39000.0,160000.0,COOPER,0
פולקסווגן,2011,5,טיפטרוניק,1400.0,בנזין,פרטית,פרטית,45000.0,180000.0,SCIROCCO,266
הונדה,2018,1,אוטומטית,1500.0,בנזין,חדש,פרטית,96000.0,54500.0,CIVIC,2304
מרצדס,1999,6,אוטומטית,3200.0,בנזין,פרטית,פרטית,30000.0,270000.0,CLK,0
יונדאי,2019,2,אוטומטית,1600.0,היברידי,פרטית,פרטית,90000.0,97000.0,IONIQ HYBRID,10528
סוזוקי,2012,2,אוטומטית,1000.0,בנזין,פרטית,פרטית,21000.0,113000.0,ALTO,1647
סקודה,2012,2,אוטומטית,1200.0,בנזין,פרטית,פרטית,23000.0,200000.0,FABIA,2565
קיה,2017,2,אוטומטית,1500.0,היברידי,חברה,פרטית,80000.0,130000.0,NIRO EV,0
סובארו,2015,2,אוטומטית,2500.0,בנזין,פרטית,פרטית,35000.0,251000.0,B4,498
פולקסווגן,2010,6,אוטומטית,1400.0,בנזין,פרטית,פרטית,45000.0,145000.0,SCIROCCO,193
יונדאי,2012,3,אוטומטית,1400.0,בנזין,פרטית,פרטית,25000.0,178000.0,I20,5541
סוזוקי,2011,3,אוטומטית,1200.0,בנזין,פרטית,פרטית,32000.0,108000.0,SWIFT,1505
הונדה,2014,3,אוטומטית,1800.0,בנזין,פרטית,פרטית,45000.0,158000.0,CIVIC,2802
טויוטה,2017,1,אוטומטית,1600.0,בנזין,חדש,פרטית,84000.0,102000.0,COROLLA,8332
רנו,2014,2,אוטומטית,1187.0,בנזין,פרטית,פרטית,32000.0,114800.0,CLIO,1743
קיה,2020,2,אוטומטית,1200.0,בנזין,פרטית,פרטית,52000.0,44000.0,PICANTO,7479
קיה,2016,1,אוטומטית,1200.0,בנזין,חדש,פרטית,28500.0,170000.0,PICANTO,12410
יונדאי,2017,2,אוטומטית,1400.0,בנזין,ליסינג,פרטית,50000.0,160000.0,I25,4261
מאזדה,2007,3,אוטומטית,2000.0,בנזין,פרטית,פרטית,25000.0,179000.0,MAZDA 5,2247
הונדה,2015,2,אוטומטית,1500.0,בנזין,פרטית,פרטית,60000.0,114000.0,CIVIC,2221
סוזוקי,2013,1,אוטומטית,1600.0,בנזין,חדש,פרטית,36000.0,160000.0,SX4,3593
מרצדס,2004,2,אוטומטית,5500.0,בנזין,פרטית,פרטית,55000.0,175000.0,S600,0
שברולט,2011,1,אוטומטית,1600.0,בנזין,חדש,פרטית,22000.0,150000.0,CRUZE,0
סקודה,2015,3,אוטומטית,1400.0,בנזין,פרטית,פרטית,52000.0,140000.0,OCTAVIA,6685
וולוו,2013,1,אוטומטית,1600.0,בנזין,חדש,פרטית,36000.0,197000.0,V40,0
יונדאי,2019,2,אוטומטית,1600.0,בנזין,פרטית,פרטית,95000.0,32424.0,ELANTRA,1747
רנו,2015,2,אוטומטית,1197.0,בנזין,פרטית,פרטית,19456.0,214000.0,CLIO,2154
יונדאי,2019,1,אוטומטית,1600.0,חשמלי,חדש,פרטית,95000.0,63000.0,IONIQ HYBRID,10528
טויוטה,2014,1,אוטומטית,1329.0,בנזין,חדש,פרטית,48000.0,89900.0,YARIS,2405
קיה,2020,2,אוטומטית,1248.0,בנזין,ליסינג,ליסינג,70000.0,83000.0,PICANTO,7479
טויוטה,2015,2,אוטומטית,1800.0,היברידי,פרטית,פרטית,56000.0,220000.0,AURIS,234
סוזוקי,2012,2,אוטומטית,1242.0,בנזין,פרטית,פרטית,31500.0,88000.0,SPLASH,1968
פולקסווגן,2011,3,אוטומטית,1400.0,בנזין,פרטית,פרטית,18500.0,187000.0,GOLF PLUS,149
סקודה,2017,1,אוטומטית,1395.0,בנזין,חדש,פרטית,92000.0,150000.0,NEW SUPERB,1884
אופל,2017,2,אוטומטית,1600.0,בנזין,ליסינג,ליסינג,66500.0,80000.0,INSIGNIA,83
סוזוקי,2015,1,אוטומטית,1200.0,בנזין,חדש,פרטית,29000.0,91900.0,ALTO,1727
מיני,2017,2,אוטומטית,1500.0,בנזין,פרטית,פרטית,85000.0,145000.0,COOPER,138
סקודה,2013,3,אוטומטית,1800.0,בנזין,פרטית,פרטית,30000.0,30000.0,OCTAVIA,3181
פולקסווגן,2015,3,טיפטרוניק,1798.0,בנזין,פרטית,פרטית,90000.0,194000.0,PASSAT,785
אאודי,2006,4,טיפטרוניק,2000.0,בנזין,פרטית,פרטית,38000.0,227000.0,A3,40
קיה,2017,3,אוטומטית,1200.0,בנזין,ליסינג,פרטית,39000.0,119000.0,PICANTO,11036
סוזוקי,2008,2,אוטומטית,1600.0,בנזין,פרטית,פרטית,20000.0,184000.0,SX4,2591
סקודה,2018,3,אוטומטית,999.0,בנזין,פרטית,פרטית,68000.0,134000.0,OCTAVIA,5241
סוזוקי,2018,1,אוטומטית,1376.0,בנזין,חדש,פרטית,87000.0,91400.0,CROSSOVER,0
טויוטה,2017,2,אוטומטית,1600.0,בנזין,פרטית,פרטית,83000.0,50000.0,COROLLA,8332
אאודי,2016,2,אוטומטית,1000.0,בנזין,השכרה,פרטית,60000.0,133000.0,A1,720
טויוטה,2016,1,אוטומטית,1600.0,בנזין,חדש,פרטית,82000.0,81900.0,COROLLA,10054
ניסאן,2015,1,אוטומטית,1198.0,בנזין,חדש,ליסינג,32000.0,131000.0,MICRA,4159
לקסוס,2014,3,אוטומטית,2500.0,היברידי,פרטית,פרטית,73000.0,145000.0,LEXUS IS300H,311
סקודה,2017,1,אוטומטית,1400.0,בנזין,חדש,פרטית,65000.0,85000.0,ראפיד ספייסבק,0
סקודה,2017,2,אוטומטית,1200.0,בנזין,פרטית,פרטית,62000.0,130000.0,אוקטביה קומבי,0
אאודי,2009,2,אוטומטית,2000.0,בנזין,פרטית,פרטית,65000.0,85000.0,A5,27
קיה,2018,2,אוטומטית,1600.0,היברידי,פרטית,פרטית,85000.0,110000.0,NIRO PHEV,14
וולוו,2013,2,אוטומטית,2000.0,בנזין,פרטית,פרטית,53000.0,60650.0,S80,0
טויוטה,2019,1,אוטומטית,1800.0,היברידי,חדש,פרטית,98000.0,48000.0,C-HR,1
שברולט,2017,2,אוטומטית,1500.0,בנזין,פרטית,פרטית,70000.0,116500.0,MALIBU,73
שברולט,2019,2,אוטומטית,1400.0,בנזין,פרטית,פרטית,60000.0,55000.0,SPARK,3142
סיטרואן,2014,2,רובוטית,1500.0,דיזל,ליסינג,פרטית,20000.0,191000.0,C3,126
ב.מ.וו,2013,4,אוטומטית,1600.0,בנזין,פרטית,פרטית,60000.0,170000.0,316I,155
אופל,2012,3,אוטומטית,1400.0,בנזין,פרטית,פרטית,25000.0,255000.0,CORSA,882
סובארו,2015,2,אוטומטית,1600.0,בנזין,ליסינג,פרטית,29000.0,175000.0,IMPREZA,1715
פולקסווגן,2017,2,אוטומטית,1400.0,בנזין,פרטית,פרטית,84000.0,59000.0,GOLF,2222
סובארו,1990,9,ידנית,1600.0,בנזין,פרטית,פרטית,40000.0,160000.0,LEON,0
יונדאי,2009,3,אוטומטית,1600.0,בנזין,פרטית,פרטית,21900.0,198500.0,I30,6389
פיג'ו,2017,2,ידנית,1600.0,דיזל,פרטית,פרטית,35000.0,153000.0,208,1527
מיצובישי,2020,2,אוטומטית,2000.0,בנזין,ליסינג,פרטית,85000.0,76000.0,ECLIPSE CROSS,1415
קיה,2020,1,אוטומטית,1248.0,בנזין,חדש,פרטית,89000.0,13500.0,PICANTO,7479
מאזדה,2009,3,אוטומטית,2000.0,בנזין,פרטית,פרטית,21000.0,190000.0,MAZDA 5,1376
לקסוס,2008,5,אוטומטית,2500.0,בנזין,פרטית,פרטית,38000.0,190000.0,LEXUS IS250,0
שברולט,2013,3,אוטומטית,1600.0,בנזין,פרטית,פרטית,25000.0,120000.0,SONIC,2
יונדאי,2016,1,אוטומטית,2000.0,היברידי,חדש,פרטית,93000.0,153000.0,SONATA,0
קיה,2021,1,אוטומטית,1200.0,בנזין,חדש,פרטית,79000.0,45000.0,PICANTO,11337
אאודי,2010,5,אוטומטית,1800.0,בנזין,פרטית,פרטית,42000.0,159000.0,A3,21
פיג'ו,2007,5,אוטומטית,2000.0,בנזין,פרטית,פרטית,27000.0,170000.0,307CC,0
מיצובישי,2015,2,אוטומטית,1200.0,בנזין,פרטית,פרטית,36000.0,100000.0,SPACE STAR,2357
וולוו,2018,1,אוטומטית,1500.0,בנזין,חדש,פרטית,95000.0,35000.0,V40,0
סובארו,2016,2,אוטומטית,2500.0,בנזין,פרטית,פרטית,65000.0,119000.0,OUTBACK,303
טויוטה,2014,3,אוטומטית,1600.0,בנזין,ליסינג,פרטית,53000.0,173000.0,COROLLA,12436
פולקסווגן,2010,4,אוטומטית,1200.0,בנזין,פרטית,פרטית,24000.0,197593.0,POLO,1578
סקודה,2010,2,אוטומטית,1197.0,בנזין,פרטית,פרטית,24000.0,108000.0,OCTAVIA,1786
הונדה,2013,2,אוטומטית,1339.0,היברידי,פרטית,פרטית,41500.0,133000.0,JAZZ,259
סוזוקי,2017,1,אוטומטית,1242.0,בנזין,חדש,פרטית,62000.0,80000.0,IGNIS,2140
סקודה,2015,1,אוטומטית,1600.0,דיזל,חדש,פרטית,40000.0,220000.0,OCTAVIA,6685
שברולט,2017,2,אוטומטית,1400.0,בנזין,פרטית,פרטית,53000.0,92000.0,CRUZE,857
שברולט,2014,3,אוטומטית,1400.0,בנזין,פרטית,פרטית,40000.0,130000.0,TRAX,2075
טויוטה,2015,3,אוטומטית,1800.0,היברידי,פרטית,פרטית,95000.0,155000.0,PRIUS,0
קיה,2016,3,אוטומטית,1250.0,בנזין,פרטית,פרטית,29900.0,118000.0,PICANTO,12410
ב.מ.וו,1999,3,ידנית,2000.0,בנזין,פרטית,פרטית,35000.0,95000.0,סדרה 3,0
מאזדה,2009,6,אוטומטית,2000.0,בנזין,פרטית,פרטית,25500.0,180000.0,MAZDA 6,1974
אופל,2018,2,אוטומטית,1400.0,בנזין,פרטית,פרטית,60000.0,80000.0,ASTRA,528
סקודה,2015,3,אוטומטית,1395.0,בנזין,פרטית,פרטית,38000.0,162000.0,RAPID,2374
מיצובישי,2018,2,אוטומטית,2000.0,בנזין,פרטית,פרטית,80000.0,71000.0,ASX,2889
דייהטסו,2008,3,אוטומטית,1500.0,בנזין,פרטית,פרטית,35000.0,148000.0,TERIOS,1869
ב.מ.וו,2017,2,אוטומטית,1500.0,בנזין,פרטית,פרטית,95000.0,116500.0,סדרה 1,0
יונדאי,2017,3,רובוטית,1600.0,בנזין,פרטית,פרטית,58000.0,85000.0,I30,297
מיני,2014,3,אוטומטית,1500.0,בנזין,פרטית,פרטית,65000.0,82000.0,COOPER,0
הונדה,2009,2,אוטומטית,3471.0,בנזין,פרטית,פרטית,45000.0,200000.0,ODYSSEY,0
יונדאי,2016,1,אוטומטית,1000.0,בנזין,חדש,פרטית,42000.0,82000.0,I10,5355
סקודה,2012,2,רובוטית,1200.0,בנזין,פרטית,פרטית,28000.0,191000.0,YETI,1493
קיה,2015,3,אוטומטית,1248.0,בנזין,פרטית,פרטית,38000.0,99000.0,PICANTO,11640
מאזדה,2017,2,אוטומטית,2000.0,בנזין,ליסינג,פרטית,70000.0,115000.0,MAZDA 5,0
ניסאן,2017,2,אוטומטית,1200.0,בנזין,פרטית,פרטית,72000.0,125000.0,MICRA,3821
הונדה,2007,2,אוטומטית,1800.0,בנזין,פרטית,פרטית,20500.0,227000.0,CIVIC,3354
לקסוס,2010,3,אוטומטית,2500.0,בנזין,פרטית,פרטית,65000.0,180000.0,LEXUS IS250,46
קיה,2011,3,אוטומטית,1399.0,בנזין,פרטית,פרטית,19000.0,165000.0,RIO,2831
הונדה,2017,1,אוטומטית,1318.0,בנזין,חדש,פרטית,69500.0,42000.0,JAZZ,3048
קיה,2008,2,אוטומטית,2700.0,בנזין,פרטית,פרטית,20000.0,194000.0,CARNIVAL,339
מיני,2011,3,אוטומטית,1598.0,בנזין,פרטית,פרטית,48000.0,130000.0,COOPER,0
סקודה,2014,5,אוטומטית,2000.0,בנזין,פרטית,חברה,88000.0,185000.0,OCTAVIA RS,0
סוזוקי,2016,2,רובוטית,998.0,בנזין,פרטית,פרטית,32000.0,112000.0,CELERIO,1182
הונדה,2010,4,אוטומטית,1800.0,בנזין,פרטית,פרטית,26500.0,212000.0,CIVIC,4224
סוזוקי,2018,2,אוטומטית,1400.0,בנזין,פרטית,פרטית,57000.0,144548.0,SX4 CROSSOVER,4181
סיטרואן,2019,1,ידנית,1600.0,דיזל,חדש,פרטית,92000.0,105000.0,AX,0
מיצובישי,2017,2,אוטומטית,1193.0,בנזין,פרטית,פרטית,48000.0,75000.0,SPACE STAR,1746
מאזדה,2009,3,אוטומטית,1600.0,בנזין,פרטית,פרטית,19000.0,212000.0,MAZDA 3,14461
דייהטסו,2011,2,אוטומטית,1300.0,בנזין,פרטית,פרטית,23000.0,167000.0,SIRION,1533
פולקסווגן,2011,4,אוטומטית,1800.0,בנזין,פרטית,פרטית,35000.0,139000.0,PASSAT CC,113
פולקסווגן,2016,1,אוטומטית,1200.0,בנזין,חדש,פרטית,45000.0,170000.0,JETTA,1304
סיטרואן,2012,3,רובוטית,1600.0,בנזין,פרטית,פרטית,18800.0,105000.0,C4,653
פורד,2013,3,ידנית,1250.0,בנזין,פרטית,פרטית,22000.0,76000.0,FIESTA,1071
קרייזלר,2009,3,אוטומטית,3300.0,בנזין,פרטית,פרטית,38000.0,88000.0,VOYAGER,0
מרצדס,2009,2,אוטומטית,3500.0,בנזין,פרטית,פרטית,95000.0,210000.0,S550,0
פולקסווגן,2010,4,אוטומטית,1200.0,בנזין,פרטית,פרטית,28500.0,195100.0,POLO,1578
מרצדס,2013,3,טיפטרוניק,3000.0,טורבו דיזל,פרטית,פרטית,90000.0,330000.0,V CLASS,0
פיג'ו,2012,3,אוטומטית,1600.0,בנזין,פרטית,פרטית,23000.0,66000.0,208,120
סוזוקי,2012,3,אוטומטית,1600.0,בנזין,פרטית,פרטית,25000.0,170000.0,SX4,2446
הונדה,2007,4,אוטומטית,3500.0,בנזין,פרטית,פרטית,45000.0,270000.0,LEGEND,30
טויוטה,2017,1,אוטומטית,1500.0,בנזין,חדש,פרטית,68000.0,75000.0,YARIS,3353
וולוו,2008,4,אוטומטית,2400.0,בנזין,פרטית,פרטית,20000.0,148600.0,C30,0
סוזוקי,2018,2,אוטומטית,1000.0,בנזין,פרטית,פרטית,34900.0,97000.0,CELERIO,854
מיצובישי,2010,1,אוטומטית,2000.0,בנזין,חדש,פרטית,42000.0,124700.0,OUTLANDER,652
טויוטה,2016,2,אוטומטית,1600.0,בנזין,ליסינג,פרטית,65000.0,126000.0,COROLLA,10054
סובארו,2010,3,אוטומטית,2000.0,בנזין,פרטית,פרטית,39500.0,150000.0,B4,1193
אופל,2011,3,אוטומטית,2000.0,בנזין,ליסינג,פרטית,28000.0,129600.0,INSIGNIA,340
אאודי,2011,3,אוטומטית,1400.0,בנזין,פרטית,פרטית,48000.0,150000.0,A1,282
טויוטה,2015,2,אוטומטית,1598.0,בנזין,פרטית,פרטית,50000.0,290000.0,COROLLA,11110
סקודה,2014,2,אוטומטית,1400.0,בנזין,פרטית,פרטית,30000.0,187000.0,RAPID,2161
סקודה,2012,4,אוטומטית,1800.0,בנזין,פרטית,פרטית,19999.0,148900.0,SUPERB,856
יונדאי,2018,2,אוטומטית,1600.0,בנזין,פרטית,פרטית,75000.0,122000.0,IONIQ HYBRID,9556
פולקסווגן,2016,1,טיפטרוניק,1395.0,בנזין,חדש,פרטית,47000.0,36000.0,CADDY COMBI,0
מיצובישי,2015,1,אוטומטית,1200.0,בנזין,חדש,פרטית,36900.0,95000.0,SPACE STAR,2357
סקודה,2018,2,אוטומטית,999.0,בנזין,פרטית,פרטית,65000.0,143000.0,OCTAVIA,5241
פולקסווגן,2013,2,אוטומטית,1200.0,בנזין,פרטית,פרטית,40000.0,110000.0,POLO,1395
סקודה,2013,1,אוטומטית,1400.0,בנזין,חדש,פרטית,50000.0,168000.0,OCTAVIA,3181
רנו,2012,2,אוטומטית,1500.0,דיזל,פרטית,פרטית,23000.0,230000.0,FLUENCE,2096
קיה,2019,1,אוטומטית,1300.0,בנזין,חדש,פרטית,68000.0,45780.0,PICANTO,7692
סקודה,2014,2,ידנית,1400.0,בנזין,פרטית,פרטית,33000.0,75000.0,FABIA,748
סוזוקי,2009,4,אוטומטית,1600.0,בנזין,פרטית,פרטית,22900.0,155000.0,SX4,2069
סקודה,2014,3,אוטומטית,1197.0,בנזין,פרטית,פרטית,29000.0,23000.0,ROOMSTER,623
פולקסווגן,2010,3,אוטומטית,1200.0,בנזין,פרטית,פרטית,27000.0,163000.0,POLO,1578
סובארו,2017,1,אוטומטית,1600.0,בנזין,חדש,פרטית,59900.0,80000.0,XV,3818
ב.מ.וו,2006,6,אוטומטית,2500.0,בנזין,פרטית,פרטית,35000.0,280000.0,סדרה 5,0
אופל,2016,1,אוטומטית,1800.0,בנזין,חדש,פרטית,61000.0,105400.0,MOKKA,814
שברולט,2010,2,אוטומטית,3500.0,בנזין,פרטית,פרטית,24000.0,190000.0,MALIBU,19
אופל,2019,1,רובוטית,1400.0,בנזין,חדש,פרטית,65000.0,17500.0,ADAM,263
קיה,2012,3,אוטומטית,2900.0,דיזל,פרטית,פרטית,35000.0,144000.0,CARNIVAL,37
מיני,2016,1,אוטומטית,1200.0,בנזין,חדש,פרטית,77000.0,87000.0,ONE,143
רנו,2012,2,אוטומטית,1500.0,חשמלי,פרטית,פרטית,27000.0,42300.0,FLUENCE,2096
אאודי,2014,2,אוטומטית,1500.0,בנזין,פרטית,פרטית,79000.0,80000.0,Q3,344
הונדה,2011,3,אוטומטית,1800.0,בנזין,פרטית,פרטית,29000.0,227000.0,CIVIC,2656
שברולט,2018,1,אוטומטית,1400.0,בנזין,חדש,פרטית,59000.0,66000.0,SPARK,2828
יונדאי,2017,1,אוטומטית,1600.0,בנזין,חדש,פרטית,70000.0,12000.0,ELANTRA,3073
דייהטסו,2010,2,אוטומטית,1300.0,בנזין,ליסינג,פרטית,18500.0,210000.0,SIRION,3247
אלפא רומיאו,2011,3,רובוטית,1400.0,בנזין,פרטית,פרטית,25000.0,156000.0,ALFA MITO,140
שברולט,2017,2,אוטומטית,1500.0,בנזין,פרטית,פרטית,68000.0,95000.0,MALIBU,73
יונדאי,2013,6,אוטומטית,1600.0,בנזין,פרטית,פרטית,55000.0,35000.0,VELOSTER,477
מיצובישי,2016,2,אוטומטית,2000.0,בנזין,פרטית,פרטית,87000.0,119000.0,OUTLANDER,9644
קיה,2015,1,אוטומטית,1248.0,בנזין,חדש,פרטית,44000.0,100000.0,PICANTO,11640
פולקסווגן,2013,3,אוטומטית,1400.0,בנזין,פרטית,פרטית,37000.0,159000.0,GOLF,2034
שברולט,2021,1,אוטומטית,1398.0,בנזין,חדש,פרטית,81000.0,19500.0,SPARK,4613
סוזוקי,2011,2,אוטומטית,1600.0,בנזין,פרטית,פרטית,23000.0,215000.0,SX4,2771
סיטרואן,2016,2,רובוטית,1500.0,דיזל,ליסינג,פרטית,23000.0,210000.0,C3,7
סקודה,2013,2,אוטומטית,1800.0,בנזין,פרטית,פרטית,42000.0,159000.0,SUPERB,828
יונדאי,2019,1,אוטומטית,1250.0,בנזין,חדש,פרטית,68000.0,44000.0,I10,8070
סקודה,2014,2,אוטומטית,1800.0,בנזין,פרטית,פרטית,45000.0,150000.0,OCTAVIA,5586
רנו,2015,2,אוטומטית,1200.0,בנזין,פרטית,פרטית,39000.0,114000.0,CAPTUR,857
אלפא רומיאו,2015,3,אוטומטית,1800.0,בנזין,פרטית,פרטית,70000.0,147000.0,ALFA GIULIETTA,332
קיה,2017,2,אוטומטית,1600.0,היברידי,פרטית,פרטית,85000.0,106000.0,NIRO EV,0
אופל,2016,2,אוטומטית,1400.0,דיזל,השכרה,פרטית,20000.0,231000.0,ASTRA,837
אופל,2015,2,אוטומטית,1400.0,בנזין,פרטית,פרטית,21000.0,260000.0,ASTRA,186
קיה,2021,1,אוטומטית,1200.0,בנזין,חדש,פרטית,69000.0,42000.0,PICANTO,11337
שברולט,2020,1,אוטומטית,1400.0,בנזין,חדש,פרטית,62000.0,38000.0,SPARK,4236
סקודה,2018,1,אוטומטית,1600.0,בנזין,חדש,פרטית,45000.0,40000.0,OCTAVIA,5241
טויוטה,2015,1,אוטומטית,1600.0,בנזין,חדש,פרטית,76000.0,43000.0,COROLLA,11110
אאודי,2012,5,אוטומטית,1800.0,בנזין,פרטית,פרטית,50000.0,107000.0,A3,60
קיה,2019,1,אוטומטית,1280.0,בנזין,חדש,פרטית,64000.0,45800.0,PICANTO,7692
קיה,2019,1,אוטומטית,1200.0,בנזין,חדש,פרטית,64000.0,60000.0,PICANTO,7692
פולקסווגן,2017,4,אוטומטית,1395.0,בנזין,פרטית,פרטית,80000.0,143000.0,GOLF,2222
שברולט,2017,3,אוטומטית,1600.0,בנזין,פרטית,פרטית,75000.0,62000.0,MALIBU,73
דייהטסו,2008,1,אוטומטית,1500.0,בנזין,חדש,אחר,26000.0,190000.0,CHARMANT,0
ניסאן,2018,3,אוטומטית,1200.0,בנזין,פרטית,פרטית,85000.0,30000.0,ALTIMA,58
מרצדס,2009,5,אוטומטית,3000.0,בנזין,פרטית,פרטית,55000.0,190000.0,E CLASS,0
קיה,2014,3,אוטומטית,1591.0,בנזין,פרטית,פרטית,39000.0,162000.0,FORTE,3045
פורד,2012,2,רובוטית,2000.0,בנזין,פרטית,פרטית,28000.0,260000.0,GALAXY,184
פולקסווגן,2012,3,ידנית,1400.0,בנזין,פרטית,פרטית,25000.0,255000.0,POLO,1952
שברולט,2018,1,אוטומטית,1390.0,בנזין,חדש,פרטית,85000.0,14000.0,TRAX,683
יונדאי,2017,2,אוטומטית,1600.0,בנזין,פרטית,פרטית,74000.0,120000.0,IONIQ HYBRID,6395
יונדאי,2016,2,אוטומטית,1600.0,בנזין,השכרה,פרטית,48000.0,125000.0,ELANTRA,3766
סיטרואן,2019,1,אוטומטית,1200.0,בנזין,חדש,פרטית,69000.0,47000.0,C3,1357
סיטרואן,2017,2,אוטומטית,1000.0,בנזין,פרטית,פרטית,37000.0,55000.0,C1,669
ניסאן,2017,1,אוטומטית,1200.0,בנזין,חדש,פרטית,62000.0,90000.0,PRIMERA,0
אאודי,2016,3,אוטומטית,1800.0,בנזין,פרטית,פרטית,86500.0,118000.0,A3,814
הונדה,2011,5,אוטומטית,1339.0,היברידי,פרטית,פרטית,23000.0,367000.0,CIVIC,2656
מרצדס,2005,8,אוטומטית,3500.0,בנזין,פרטית,פרטית,80000.0,251000.0,SLK,0
הונדה,2013,5,אוטומטית,1800.0,בנזין,פרטית,פרטית,34500.0,160000.0,CIVIC,3109
פיג'ו,2014,1,אוטומטית,1600.0,בנזין,חדש,פרטית,22000.0,150000.0,508,140
יונדאי,2016,2,אוטומטית,1400.0,בנזין,פרטית,פרטית,39000.0,180000.0,I25,5518
ב.מ.וו,2012,3,אוטומטית,1500.0,בנזין,פרטית,פרטית,40000.0,200000.0,סדרה 1,0
קרייזלר,2010,2,אוטומטית,3800.0,בנזין,פרטית,פרטית,45000.0,172000.0,VOYAGER,0
ניסאן,2018,2,אוטומטית,1600.0,בנזין,פרטית,פרטית,73000.0,85000.0,JUKE,622
פולקסווגן,2013,3,אוטומטית,1200.0,בנזין,פרטית,פרטית,35000.0,136000.0,POLO,1395
רנו,2013,1,ידנית,900.0,בנזין,חדש,פרטית,30000.0,70000.0,CLIO,631
ב.מ.וו,2010,2,אוטומטית,1500.0,בנזין,פרטית,פרטית,70000.0,181000.0,M1,0
פולקסווגן,2011,7,אוטומטית,2000.0,בנזין,פרטית,פרטית,73500.0,128000.0,GOLF GTI,0
סקודה,2014,1,אוטומטית,1800.0,בנזין,חדש,פרטית,50000.0,279733.0,SUPERB,842
מיצובישי,2018,1,אוטומטית,1400.0,בנזין,חדש,פרטית,42500.0,95000.0,SPACE STAR,1100
טויוטה,2017,1,אוטומטית,1459.0,בנזין,חדש,פרטית,77000.0,57000.0,YARIS,3353
יונדאי,2018,2,אוטומטית,1600.0,בנזין,ליסינג,פרטית,90000.0,60000.0,IONIQ HYBRID,9556
יונדאי,2012,3,אוטומטית,1400.0,בנזין,השכרה,פרטית,28000.0,191000.0,I25,4631
שברולט,2018,2,אוטומטית,1400.0,בנזין,פרטית,פרטית,54900.0,29400.0,SPARK,2828
אאודי,2013,2,אוטומטית,1300.0,דיזל,פרטית,פרטית,45645.0,147500.0,R8,1
הונדה,2015,1,אוטומטית,1300.0,בנזין,חדש,פרטית,64000.0,60000.0,JAZZ,440
פולקסווגן,2014,2,ידנית,1200.0,בנזין,פרטית,פרטית,35000.0,120000.0,POLO,1230
טויוטה,2018,1,אוטומטית,1600.0,בנזין,חדש,פרטית,92000.0,110000.0,COROLLA,5459
הונדה,2008,4,אוטומטית,1800.0,בנזין,פרטית,פרטית,20000.0,200500.0,CIVIC,5497
סוזוקי,2014,3,אוטומטית,1800.0,בנזין,פרטית,פרטית,40500.0,138450.0,SX4 CROSSOVER,5012
יונדאי,2017,2,אוטומטית,1368.0,בנזין,פרטית,פרטית,64000.0,105000.0,I20,3013
סקודה,2017,3,אוטומטית,1968.0,דיזל,פרטית,פרטית,70000.0,111500.0,OCTAVIA,4685
אאודי,2009,2,טיפטרוניק,1800.0,בנזין,פרטית,פרטית,25000.0,200000.0,A4,167
אופל,2014,2,אוטומטית,1400.0,בנזין,השכרה,פרטית,23900.0,162000.0,ASTRA,272
אאודי,2016,3,אוטומטית,1800.0,בנזין,פרטית,פרטית,90000.0,118000.0,A3,814
מיצובישי,2008,3,אוטומטית,2000.0,בנזין,פרטית,פרטית,32000.0,178500.0,OUTLANDER,556
הונדה,2014,2,ידנית,1800.0,בנזין,פרטית,פרטית,40000.0,190000.0,CIVIC,2802
סוזוקי,2009,1,אוטומטית,1500.0,בנזין,חדש,פרטית,27500.0,151000.0,SWIFT,1580
קיה,2015,1,אוטומטית,1248.0,בנזין,חדש,פרטית,40000.0,87000.0,PICANTO,11640
יונדאי,2017,1,אוטומטית,1591.0,בנזין,חדש,פרטית,78000.0,73000.0,ELANTRA,3073
סקודה,2011,2,אוטומטית,1197.0,בנזין,פרטית,פרטית,26000.0,139000.0,OCTAVIA,2360
הונדה,2009,2,אוטומטית,1800.0,בנזין,פרטית,פרטית,27000.0,240000.0,CIVIC,3444
סקודה,2010,6,אוטומטית,1800.0,בנזין,פרטית,פרטית,22000.0,174000.0,OCTAVIA,1786
אופל,2013,2,אוטומטית,1400.0,בנזין,ליסינג,פרטית,22000.0,145000.0,ASTRA,527
פולקסווגן,2011,3,אוטומטית,1197.0,בנזין,פרטית,פרטית,36000.0,108000.0,POLO,2021
סוזוקי,2010,3,אוטומטית,1600.0,בנזין,פרטית,פרטית,20000.0,265900.0,SX4,3237
סקודה,2010,1,ידנית,1400.0,בנזין,חדש,חברה,29000.0,160000.0,OCTAVIA,1786
סקודה,2016,2,אוטומטית,1200.0,בנזין,פרטית,פרטית,55000.0,100000.0,OCTAVIA,8085
קיה,2019,2,אוטומטית,1000.0,בנזין,פרטית,פרטית,90000.0,45000.0,STONIC,4435
הונדה,2008,5,אוטומטית,2400.0,בנזין,פרטית,פרטית,24000.0,220000.0,ACCORD,1826
טויוטה,2015,3,אוטומטית,1800.0,היברידי,פרטית,פרטית,73000.0,153000.0,PRIUS,0
ב.מ.וו,2016,2,אוטומטית,2000.0,בנזין,פרטית,פרטית,80000.0,122000.0,סדרה 3,0
אופל,2016,2,אוטומטית,1300.0,בנזין,ליסינג,פרטית,32000.0,115744.0,ASTRA,837
הונדה,2009,4,אוטומטית,2400.0,גז,פרטית,פרטית,39000.0,108000.0,ACCORD,969
פולקסווגן,2017,2,אוטומטית,1400.0,בנזין,פרטית,פרטית,77000.0,114000.0,GOLF,2222
הונדה,2017,2,אוטומטית,1798.0,בנזין,פרטית,פרטית,54900.0,122000.0,סיוויק סטיישן,0
טויוטה,2016,2,אוטומטית,1800.0,היברידי,ליסינג,פרטית,68500.0,179000.0,PRIUS,1064
אופל,2015,1,טיפטרוניק,2000.0,בנזין,חדש,פרטית,40000.0,95000.0,INSIGNIA,186
ניסאן,2018,2,אוטומטית,1200.0,בנזין,פרטית,ליסינג,33500.0,134000.0,MICRA,4933
יונדאי,2019,1,אוטומטית,1000.0,בנזין,חדש,פרטית,82000.0,12000.0,I20,5301
קרייזלר,2007,4,אוטומטית,3600.0,בנזין,פרטית,פרטית,58000.0,240000.0,300C,14
פולקסווגן,2012,2,אוטומטית,1400.0,בנזין,פרטית,פרטית,29000.0,225000.0,JETTA,1673
סקודה,2017,2,אוטומטית,1200.0,בנזין,פרטית,פרטית,59000.0,150000.0,RAPID,4255
שברולט,2014,1,אוטומטית,3600.0,בנזין,חדש,פרטית,78000.0,156000.0,IMPALA,85
קיה,2015,2,אוטומטית,1600.0,בנזין,פרטית,פרטית,74000.0,62000.0,SEPHIA,0
יונדאי,2010,3,אוטומטית,1600.0,בנזין,פרטית,פרטית,22000.0,199000.0,I20,5521
הונדה,2018,2,אוטומטית,1300.0,בנזין,פרטית,פרטית,70000.0,66000.0,JAZZ,2516
יונדאי,2017,3,אוטומטית,2000.0,בנזין,פרטית,פרטית,86000.0,132000.0,SONATA,0
אופל,2014,1,אוטומטית,1400.0,בנזין,חדש,חברה,25000.0,67000.0,CORSA,734
קיה,2019,2,אוטומטית,998.0,בנזין,פרטית,פרטית,92000.0,90000.0,STONIC,4435
סוזוקי,2017,2,ידנית,1242.0,בנזין,פרטית,פרטית,42000.0,102000.0,BALENO,3389
מאזדה,2008,4,אוטומטית,2000.0,בנזין,פרטית,פרטית,22000.0,243000.0,MAZDA 5,3845
הונדה,2009,3,אוטומטית,2400.0,בנזין,פרטית,פרטית,45000.0,123000.0,ACCORD,969
קיה,2013,3,אוטומטית,1248.0,בנזין,פרטית,פרטית,36000.0,122100.0,PICANTO,7162
סקודה,2013,3,אוטומטית,1800.0,בנזין,פרטית,פרטית,33000.0,195000.0,SUPERB,828
סקודה,2013,1,ידנית,1300.0,בנזין,חדש,פרטית,20000.0,174000.0,ROOMSTER,538
מאזדה,2018,2,אוטומטית,2000.0,בנזין,פרטית,פרטית,85000.0,104000.0,MAZDA 3,4531
פיג'ו,2005,5,טיפטרוניק,2000.0,גז,פרטית,פרטית,33000.0,290000.0,307CC,0
יונדאי,2014,1,ידנית,1000.0,בנזין,חדש,פרטית,22500.0,260000.0,I10,5400
סיטרואן,2015,2,רובוטית,1600.0,דיזל,פרטית,פרטית,19000.0,182000.0,C3,76
שברולט,2014,1,אוטומטית,1400.0,בנזין,חדש,פרטית,45000.0,140000.0,TRAX,2075
סוזוקי,2018,2,אוטומטית,1000.0,בנזין,פרטית,פרטית,43000.0,98000.0,CELERIO,854
לקסוס,2008,4,אוטומטית,3200.0,גז,פרטית,פרטית,60000.0,209250.0,RC,0
פולקסווגן,2015,2,אוטומטית,1197.0,בנזין,פרטית,פרטית,42000.0,167500.0,POLO,1219
הונדה,2016,1,אוטומטית,1799.0,בנזין,חדש,פרטית,67000.0,77000.0,CIVIC,2396
שברולט,2020,1,אוטומטית,1400.0,בנזין,חדש,פרטית,70000.0,47000.0,SPARK,4236
הונדה,2014,2,אוטומטית,1339.0,היברידי,פרטית,פרטית,41000.0,125000.0,JAZZ,376
קיה,2015,3,אוטומטית,1300.0,בנזין,פרטית,פרטית,43000.0,76000.0,PICANTO,11640
פולקסווגן,2016,2,אוטומטית,1400.0,בנזין,פרטית,פרטית,70000.0,160000.0,GOLF,2885
מאזדה,2008,3,אוטומטית,2000.0,בנזין,פרטית,פרטית,24900.0,199000.0,MAZDA 6,4134
פולקסווגן,2012,3,אוטומטית,1200.0,בנזין,פרטית,פרטית,29900.0,140000.0,JETTA,1673
פולקסווגן,2018,3,אוטומטית,1100.0,בנזין,פרטית,פרטית,92000.0,46000.0,POLO,271
קיה,2016,3,אוטומטית,1400.0,בנזין,פרטית,פרטית,35000.0,200000.0,RIO,1840
קיה,2015,2,אוטומטית,1248.0,בנזין,פרטית,פרטית,38500.0,115000.0,PICANTO,11640
סקודה,2013,4,אוטומטית,1400.0,בנזין,פרטית,פרטית,38000.0,176000.0,RAPID,2078
סקודה,2016,2,אוטומטית,1200.0,בנזין,פרטית,פרטית,50000.0,124000.0,FABIA SPACE,316
לקסוס,2011,4,אוטומטית,2500.0,בנזין,פרטית,פרטית,84999.0,147445.0,LEXUS IS250,6
מרצדס,2008,8,אוטומטית,1800.0,בנזין,פרטית,פרטית,43000.0,333000.0,C200,0
שברולט,2016,1,אוטומטית,2000.0,בנזין,חדש,פרטית,65000.0,67000.0,MALIBU,133
אאודי,2013,2,אוטומטית,1984.0,בנזין,פרטית,פרטית,70000.0,130000.0,Q3,324
שברולט,2017,2,אוטומטית,1400.0,בנזין,פרטית,פרטית,66000.0,21000.0,SPARK,3190
הונדה,2011,3,אוטומטית,1200.0,בנזין,ליסינג,פרטית,22000.0,270000.0,INSIGHT,0
אלפא רומיאו,2015,3,רובוטית,1400.0,בנזין,פרטית,פרטית,60000.0,96000.0,ALFA GIULIETTA,332
סוזוקי,2011,2,אוטומטית,1600.0,בנזין,פרטית,פרטית,21000.0,215000.0,SX4,2771
אופל,2018,2,אוטומטית,1400.0,בנזין,פרטית,פרטית,75000.0,101000.0,ZAFIRA,0
סקודה,2013,3,אוטומטית,1800.0,בנזין,פרטית,פרטית,33000.0,180000.0,SUPERB,828
סיטרואן,2016,3,ידנית,1200.0,בנזין,פרטית,פרטית,23000.0,236000.0,C4,360
קיה,2014,3,אוטומטית,1200.0,בנזין,פרטית,פרטית,35000.0,143000.0,PICANTO,9755
יונדאי,2010,3,אוטומטית,2400.0,בנזין,פרטית,פרטית,27000.0,328000.0,TRAJET,0
ניסאן,2018,2,אוטומטית,1200.0,בנזין,ליסינג,פרטית,34000.0,133000.0,MICRA,4933
קיה,2007,7,אוטומטית,2900.0,דיזל,פרטית,פרטית,25500.0,255000.0,CARNIVAL,203
סובארו,2012,2,טיפטרוניק,2000.0,בנזין,פרטית,פרטית,30000.0,147000.0,B4,503
סיטרואן,2017,2,טיפטרוניק,1200.0,בנזין,פרטית,פרטית,56000.0,108000.0,C3,1028
קיה,2014,2,אוטומטית,1248.0,בנזין,פרטית,פרטית,42000.0,101500.0,PICANTO,9755
סקודה,2015,2,אוטומטית,1200.0,בנזין,פרטית,פרטית,55000.0,130000.0,OCTAVIA,6685
יונדאי,2011,4,אוטומטית,1200.0,בנזין,השכרה,פרטית,25000.0,77000.0,I10,3652
קיה,2015,3,אוטומטית,1250.0,בנזין,ליסינג,ליסינג,43000.0,115000.0,PICANTO,11640
יונדאי,2015,1,אוטומטית,1368.0,בנזין,חדש,פרטית,60000.0,28000.0,I20,3115
הונדה,2008,3,ידנית,1800.0,בנזין,פרטית,פרטית,24000.0,248000.0,CIVIC,5497
שברולט,2020,1,אוטומטית,1400.0,בנזין,חדש,פרטית,59000.0,60000.0,SPARK,4236
סיטרואן,2017,1,ידנית,1500.0,דיזל,חדש,פרטית,60000.0,23000.0,CX,0
פורד,2017,2,אוטומטית,1450.0,בנזין,פרטית,פרטית,46000.0,116500.0,FOCUS,1104
טויוטה,2017,2,אוטומטית,2500.0,היברידי,פרטית,פרטית,85000.0,126000.0,CAMRY,0
פיג'ו,2018,2,אוטומטית,1600.0,דיזל,פרטית,פרטית,82000.0,190000.0,5008,845
שברולט,2015,3,אוטומטית,3600.0,בנזין,פרטית,פרטית,83000.0,165000.0,IMPALA,98
טויוטה,2014,3,אוטומטית,1600.0,בנזין,השכרה,פרטית,55000.0,213000.0,COROLLA,12436
יונדאי,2018,3,אוטומטית,1200.0,בנזין,פרטית,פרטית,55000.0,75000.0,I10,7388
פולקסווגן,2013,1,אוטומטית,1390.0,בנזין,חדש,פרטית,33000.0,98000.0,POLO,1395
מאזדה,2008,2,אוטומטית,1999.0,בנזין,פרטית,פרטית,20000.0,130415.0,MAZDA 6,4134
קיה,2016,1,אוטומטית,1000.0,בנזין,חדש,השכרה,25000.0,155000.0,PICANTO,12410
טויוטה,2017,2,אוטומטית,1800.0,בנזין,חברה,חברה,75000.0,115000.0,AVENSIS,706
מרצדס,2010,3,אוטומטית,3500.0,בנזין,פרטית,פרטית,85000.0,130000.0,E350,43
קיה,2019,2,אוטומטית,1200.0,בנזין,פרטית,פרטית,68000.0,54000.0,PICANTO,7692
שברולט,2017,2,אוטומטית,1400.0,בנזין,השכרה,פרטית,38000.0,124000.0,SPARK,3190
קיה,2011,2,אוטומטית,1600.0,בנזין,ליסינג,פרטית,20500.0,163000.0,CEED,1051
שברולט,1998,3,אוטומטית,6500.0,טורבו דיזל,פרטית,פרטית,24000.0,250000.0,TRAX,0
קיה,2021,2,אוטומטית,1250.0,בנזין,פרטית,פרטית,83000.0,16000.0,PICANTO,11337
סובארו,2015,2,אוטומטית,1600.0,בנזין,פרטית,פרטית,49000.0,71560.0,IMPREZA,1715
ניסאן,2016,3,אוטומטית,1600.0,דיזל,פרטית,פרטית,65000.0,80000.0,ALTIMA,132
פולקסווגן,2017,4,אוטומטית,1800.0,בנזין,ליסינג,פרטית,84000.0,124000.0,PASSAT,627
סיטרואן,2015,2,אוטומטית,1600.0,בנזין,פרטית,פרטית,40000.0,49000.0,C3,76
יונדאי,2019,1,אוטומטית,1200.0,בנזין,חדש,פרטית,58000.0,50000.0,I10,8070
טויוטה,2017,1,אוטומטית,1598.0,בנזין,חדש,פרטית,90000.0,60000.0,COROLLA,8332
קיה,2018,1,אוטומטית,1250.0,בנזין,חדש,פרטית,73000.0,14500.0,PICANTO,8229
טויוטה,2014,2,אוטומטית,1800.0,בנזין,ליסינג,פרטית,55000.0,148000.0,AURIS,349
פולקסווגן,2018,3,אוטומטית,1000.0,בנזין,פרטית,פרטית,89000.0,50000.0,POLO,271
קיה,2015,4,ידנית,1200.0,בנזין,פרטית,פרטית,31000.0,72000.0,PICANTO,11640
טויוטה,2020,1,אוטומטית,1500.0,היברידי,חדש,פרטית,94000.0,42000.0,YARIS,1262
הונדה,2016,1,אוטומטית,1799.0,בנזין,חדש,פרטית,65000.0,135000.0,CIVIC,2396
טויוטה,2015,1,אוטומטית,1600.0,בנזין,חדש,פרטית,50000.0,200000.0,COROLLA,11110
מאזדה,2008,3,אוטומטית,2000.0,בנזין,פרטית,פרטית,23000.0,165516.0,MAZDA 3,15868
ב.מ.וו,2010,4,אוטומטית,3000.0,בנזין,פרטית,פרטית,90000.0,210000.0,530I,70
טויוטה,2014,2,אוטומטית,1800.0,בנזין,פרטית,פרטית,92500.0,148000.0,PRIUS,0
יונדאי,2022,1,אוטומטית,1200.0,בנזין,חדש,פרטית,80000.0,16800.0,I10,4747
טויוטה,2015,3,אוטומטית,1800.0,היברידי,פרטית,פרטית,72000.0,149000.0,PRIUS,0
קיה,2012,1,אוטומטית,1200.0,בנזין,חדש,פרטית,29000.0,146000.0,PICANTO,3780
הונדה,2006,5,אוטומטית,1800.0,בנזין,פרטית,פרטית,19000.0,255000.0,CIVIC,2577
יונדאי,2016,1,אוטומטית,998.0,בנזין,חדש,פרטית,45000.0,108850.0,I10,5355
יונדאי,2016,2,אוטומטית,2000.0,היברידי,פרטית,פרטית,89000.0,149000.0,SONATA,0
יונדאי,2013,4,אוטומטית,2000.0,בנזין,פרטית,פרטית,33000.0,147000.0,I40,222
טויוטה,2015,1,אוטומטית,1600.0,בנזין,חדש,פרטית,65000.0,187000.0,COROLLA,11110
יונדאי,2013,5,אוטומטית,1600.0,בנזין,פרטית,פרטית,42000.0,190000.0,VELOSTER,477
טויוטה,2018,1,אוטומטית,1496.0,בנזין,חדש,פרטית,82000.0,18700.0,YARIS,2951
סיטרואן,2014,3,אוטומטית,1600.0,בנזין,פרטית,פרטית,28000.0,110000.0,DS3,23
סובארו,2016,3,אוטומטית,1600.0,בנזין,פרטית,פרטית,65000.0,107000.0,XV,3838
שברולט,2016,1,אוטומטית,1400.0,בנזין,חדש,פרטית,51000.0,70000.0,SPARK,4089
הונדה,2007,3,אוטומטית,1800.0,בנזין,פרטית,פרטית,22000.0,200000.0,CIVIC,3354
ב.מ.וו,2016,3,אוטומטית,1500.0,בנזין,פרטית,פרטית,80000.0,167000.0,סדרה 1,0
סקודה,2011,9,אוטומטית,1800.0,בנזין,השכרה,פרטית,20000.0,250000.0,SUPERB,785
קרייזלר,2010,5,אוטומטית,3800.0,בנזין,פרטית,פרטית,25000.0,180000.0,VOYAGER,0
יונדאי,2016,2,אוטומטית,1600.0,בנזין,פרטית,פרטית,59000.0,135000.0,ELANTRA,3766
יונדאי,2014,2,אוטומטית,1591.0,בנזין,פרטית,פרטית,38000.0,169000.0,I30,4555
קיה,2012,2,אוטומטית,1600.0,בנזין,פרטית,פרטית,20000.0,200000.0,FORTE,2808
טויוטה,2016,1,אוטומטית,1800.0,היברידי,חדש,פרטית,60000.0,192000.0,AURIS,343
פולקסווגן,2010,3,אוטומטית,1200.0,בנזין,פרטית,פרטית,20000.0,275000.0,JETTA,2353
סקודה,2016,2,אוטומטית,1200.0,בנזין,פרטית,פרטית,53000.0,215000.0,OCTAVIA,8085
יונדאי,2012,3,אוטומטית,1400.0,בנזין,פרטית,פרטית,28000.0,190000.0,I25,4631
רנו,2015,3,אוטומטית,1200.0,בנזין,פרטית,פרטית,44000.0,141000.0,CAPTUR,857
סובארו,2015,3,אוטומטית,1600.0,בנזין,פרטית,פרטית,55000.0,170000.0,XV,3552
רנו,2014,2,אוטומטית,1200.0,בנזין,פרטית,פרטית,29500.0,146000.0,CLIO,1743
אופל,2016,1,אוטומטית,1400.0,בנזין,חדש,פרטית,43000.0,251000.0,MOKKA,814
יונדאי,2016,2,אוטומטית,1999.0,היברידי,פרטית,פרטית,99960.0,107000.0,SONATA,0
קיה,2016,1,אוטומטית,1250.0,בנזין,חדש,פרטית,53000.0,66000.0,PICANTO,12410
רנו,2015,2,אוטומטית,1200.0,בנזין,ליסינג,פרטית,29000.0,133000.0,קליאו אסטייט,0
סקודה,2017,1,ידנית,1200.0,בנזין,חדש,פרטית,39000.0,38000.0,FABIA,2438
סוזוקי,2017,1,אוטומטית,1200.0,בנזין,חדש,פרטית,63600.0,65300.0,BALENO,3389
פיג'ו,2018,4,ידנית,1600.0,דיזל,מונית,פרטית,19500.0,170586.0,301,42
סוזוקי,2011,1,אוטומטית,1242.0,בנזין,חדש,פרטית,26000.0,56000.0,SPLASH,1552
אופל,2017,2,טיפטרוניק,1400.0,בנזין,ליסינג,פרטית,47500.0,112000.0,ASTRA,1114
סיטרואן,2019,1,אוטומטית,1500.0,דיזל,חדש,פרטית,85000.0,92000.0,C5,0
קיה,2015,2,אוטומטית,1248.0,בנזין,פרטית,פרטית,30000.0,130000.0,PICANTO,11640
שברולט,2015,1,אוטומטית,1796.0,בנזין,חדש,פרטית,50400.0,62000.0,TRAX,1356
ניסאן,2020,3,ידנית,1000.0,בנזין,פרטית,פרטית,52500.0,73000.0,MICRA,331
רנו,2014,1,אוטומטית,1200.0,בנזין,חדש,חברה,30400.0,129000.0,CLIO,1743
קיה,2016,1,אוטומטית,1600.0,בנזין,חדש,פרטית,68000.0,179000.0,NIRO,166
סקודה,2012,4,אוטומטית,1200.0,בנזין,פרטית,פרטית,25000.0,200000.0,ROOMSTER,554
סקודה,2014,3,טיפטרוניק,1400.0,בנזין,פרטית,פרטית,44000.0,20000.0,OCTAVIA,5586
שברולט,2017,3,טיפטרוניק,1500.0,בנזין,פרטית,פרטית,65000.0,124000.0,MALIBU,73
שברולט,2019,1,אוטומטית,1600.0,בנזין,חדש,פרטית,93000.0,47000.0,EQUINOX,1064
טויוטה,2016,4,אוטומטית,1800.0,בנזין,פרטית,פרטית,57000.0,180000.0,AURIS,343
אאודי,2012,7,אוטומטית,1400.0,בנזין,פרטית,פרטית,38000.0,146000.0,A1,312
אופל,2016,2,אוטומטית,1400.0,בנזין,פרטית,פרטית,24000.0,141000.0,ASTRA,837
קרייזלר,2012,3,אוטומטית,3600.0,בנזין,פרטית,פרטית,44000.0,282000.0,VOYAGER,0
סקודה,2014,1,אוטומטית,1200.0,בנזין,חדש,פרטית,32000.0,224500.0,FABIA,748
קיה,2020,2,אוטומטית,1300.0,בנזין,אחר,פרטית,64000.0,34000.0,PICANTO,7479
קיה,2010,3,אוטומטית,1400.0,בנזין,חברה,חברה,23500.0,180000.0,RIO,1825
שברולט,2013,2,אוטומטית,2000.0,דיזל,פרטית,פרטית,25000.0,147500.0,ORLANDO,410
פולקסווגן,2009,5,אוטומטית,1400.0,בנזין,פרטית,פרטית,25000.0,181000.0,GOLF,1470
מאזדה,2008,2,טיפטרוניק,2500.0,בנזין,פרטית,פרטית,26000.0,185400.0,MAZDA 6,4134
פולקסווגן,2015,1,טיפטרוניק,1400.0,בנזין,חדש,פרטית,66000.0,100600.0,GOLF,1974
קיה,2018,1,אוטומטית,1250.0,בנזין,חדש,פרטית,68000.0,56000.0,PICANTO,8229
שברולט,2017,3,אוטומטית,1399.0,בנזין,פרטית,פרטית,53000.0,100000.0,CRUZE,857
יונדאי,2015,3,אוטומטית,1400.0,בנזין,פרטית,פרטית,40000.0,155000.0,I25,4670
קיה,2019,2,אוטומטית,1250.0,בנזין,ליסינג,ליסינג,59000.0,70000.0,PICANTO,7692
יונדאי,2018,3,אוטומטית,2000.0,היברידי,ליסינג,פרטית,92500.0,112000.0,SONATA,0
סקודה,2019,1,אוטומטית,1200.0,בנזין,חדש,חברה,80000.0,36000.0,FABIA,36
יונדאי,2014,2,אוטומטית,1600.0,בנזין,פרטית,פרטית,48000.0,116000.0,I25,3736
פולקסווגן,2011,4,אוטומטית,1390.0,בנזין,פרטית,פרטית,46000.0,257000.0,SCIROCCO,266
טויוטה,2018,1,אוטומטית,1800.0,בנזין,חדש,פרטית,84000.0,99000.0,AURIS,125
יונדאי,2019,2,אוטומטית,1600.0,היברידי,פרטית,פרטית,87000.0,86000.0,IONIQ HYBRID,10528
קיה,2011,3,אוטומטית,1250.0,בנזין,פרטית,פרטית,30000.0,152000.0,PICANTO,1412
סקודה,2018,1,אוטומטית,999.0,בנזין,חדש,פרטית,67000.0,83000.0,FABIA,1728
אאודי,2012,1,אוטומטית,1400.0,בנזין,חדש,פרטית,43000.0,125500.0,A1,312
סוזוקי,2017,2,אוטומטית,1300.0,בנזין,פרטית,פרטית,45000.0,46500.0,BALENO,3389
קיה,2018,2,אוטומטית,1600.0,דיזל,פרטית,פרטית,42000.0,205000.0,CEED,1575
קיה,2017,1,אוטומטית,1248.0,בנזין,חדש,פרטית,55000.0,49000.0,PICANTO,11036
הונדה,2016,2,אוטומטית,1800.0,בנזין,פרטית,פרטית,53000.0,129000.0,CIVIC,2396
יונדאי,2018,1,אוטומטית,1600.0,בנזין,חדש,פרטית,60000.0,95000.0,I25,2727
טויוטה,2014,1,אוטומטית,1600.0,בנזין,חדש,פרטית,65000.0,90000.0,COROLLA,12436
יונדאי,2017,1,אוטומטית,1600.0,בנזין,חדש,פרטית,45000.0,140000.0,I25,4261
קיה,2018,1,אוטומטית,1250.0,בנזין,חדש,פרטית,69000.0,42000.0,PICANTO,8229
סקודה,2015,1,אוטומטית,1200.0,בנזין,חדש,פרטית,29000.0,149000.0,ROOMSTER,372
דייהטסו,2011,2,אוטומטית,1300.0,בנזין,פרטית,פרטית,19900.0,172200.0,SIRION,1533
יונדאי,2019,1,אוטומטית,1591.0,בנזין,חדש,פרטית,91700.0,61600.0,ELANTRA,1747
פולקסווגן,2017,2,אוטומטית,1400.0,בנזין,פרטית,פרטית,65500.0,18000.0,GOLF,2222
מרצדס,2013,3,טיפטרוניק,2100.0,דיזל,פרטית,פרטית,35000.0,159000.0,C-CLASS,0
פולקסווגן,2013,1,אוטומטית,1400.0,בנזין,חדש,פרטית,39000.0,178000.0,GOLF,2034
יונדאי,2014,3,אוטומטית,1600.0,בנזין,פרטית,פרטית,44000.0,122000.0,I25,3736
ב.מ.וו,2012,3,אוטומטית,2000.0,בנזין,פרטית,פרטית,52000.0,75000.0,318I,61
יונדאי,2019,2,אוטומטית,1600.0,היברידי,ליסינג,פרטית,74000.0,144000.0,IONIQ HYBRID,10528
פולקסווגן,2009,2,אוטומטית,1400.0,בנזין,פרטית,פרטית,29000.0,198000.0,GOLF,1470
סובארו,2013,1,אוטומטית,1600.0,בנזין,חדש,פרטית,26500.0,206000.0,IMPREZA,754
אופל,2017,1,אוטומטית,1399.0,בנזין,חדש,פרטית,69000.0,120000.0,MOKKA - X,536
ניסאן,2017,1,אוטומטית,1800.0,בנזין,חדש,פרטית,53000.0,85000.0,SENTRA,1718
מאזדה,2008,2,אוטומטית,1500.0,בנזין,פרטית,פרטית,18500.0,176600.0,MAZDA 2,5343
מרצדס,2011,2,אוטומטית,1800.0,בנזין,פרטית,פרטית,75000.0,140000.0,C-CLASS,0
יונדאי,2019,2,אוטומטית,1600.0,היברידי,פרטית,פרטית,98000.0,106000.0,IONIQ HYBRID,10528
קיה,2016,2,אוטומטית,1600.0,בנזין,פרטית,פרטית,80000.0,113000.0,NIRO EV,0
סוזוקי,2016,2,אוטומטית,998.0,בנזין,פרטית,פרטית,35500.0,39500.0,CELERIO,1182
הונדה,2018,1,אוטומטית,1600.0,בנזין,חדש,פרטית,83000.0,17000.0,CIVIC,2304
פולקסווגן,2015,2,אוטומטית,2000.0,דיזל,פרטית,פרטית,50000.0,350000.0,PASSAT,785
אופל,2015,3,טיפטרוניק,1400.0,בנזין,פרטית,פרטית,26000.0,128000.0,MERIVA,262
סקודה,2015,2,אוטומטית,1200.0,בנזין,פרטית,פרטית,24000.0,240000.0,ROOMSTER,372
יונדאי,2016,2,אוטומטית,1600.0,בנזין,פרטית,פרטית,82000.0,88000.0,SONATA,0
פולקסווגן,2017,1,אוטומטית,1197.0,בנזין,חדש,פרטית,98000.0,42000.0,BEETLE,85
מאזדה,2009,3,אוטומטית,1600.0,בנזין,פרטית,פרטית,25000.0,220000.0,MAZDA 3,14461
טויוטה,2018,2,אוטומטית,1800.0,היברידי,מונית,פרטית,40000.0,220000.0,AURIS,125
שברולט,2016,2,אוטומטית,1400.0,בנזין,פרטית,פרטית,53500.0,39400.0,SPARK,4089
מרצדס,2011,3,אוטומטית,2200.0,דיזל,מונית,מונית,45000.0,160000.0,200,0
סקודה,2018,1,אוטומטית,1000.0,דיזל,חדש,פרטית,72000.0,140000.0,OCTAVIA,5241
פורד,2014,2,אוטומטית,1600.0,בנזין,חברה,חברה,25000.0,141000.0,FIESTA,1416
יונדאי,2016,3,אוטומטית,1600.0,בנזין,השכרה,השכרה,57000.0,131000.0,I30,1932
מאזדה,2009,3,אוטומטית,1498.0,בנזין,פרטית,פרטית,25000.0,179020.0,MAZDA 2,4014
קיה,2017,2,אוטומטית,1200.0,בנזין,פרטית,פרטית,45000.0,45000.0,PICANTO,11036
קיה,2018,1,אוטומטית,1248.0,בנזין,חדש,פרטית,67000.0,69000.0,PICANTO,8229
טויוטה,2013,2,אוטומטית,1600.0,בנזין,פרטית,פרטית,53000.0,110000.0,COROLLA,8124
יונדאי,2020,1,אוטומטית,1600.0,בנזין,חדש,פרטית,89000.0,43000.0,COUPE,0
סקודה,2013,4,אוטומטית,1800.0,בנזין,פרטית,פרטית,22000.0,208000.0,OCTAVIA,3181
סובארו,2010,4,אוטומטית,2500.0,בנזין,פרטית,פרטית,28000.0,175000.0,B4,1193
אופל,2016,2,אוטומטית,1400.0,דיזל,פרטית,פרטית,57000.0,149000.0,MOKKA,814
ב.מ.וו,2008,5,אוטומטית,2000.0,בנזין,פרטית,פרטית,31500.0,190000.0,320,0
פורד,2014,2,ידנית,1600.0,בנזין,פרטית,פרטית,22000.0,253000.0,FOCUS,3930
מאזדה,2008,2,אוטומטית,2000.0,בנזין,פרטית,פרטית,25000.0,232000.0,MAZDA 5,3845
קיה,2013,2,רובוטית,1600.0,בנזין,השכרה,פרטית,30000.0,180000.0,CEED,746
סקודה,2014,2,אוטומטית,1200.0,בנזין,פרטית,פרטית,48000.0,130000.0,OCTAVIA,5586
קיה,2014,1,אוטומטית,1200.0,בנזין,חדש,פרטית,34000.0,160000.0,PICANTO,9755
יונדאי,2016,1,אוטומטית,1240.0,בנזין,חדש,פרטית,49000.0,89000.0,I10,5355
סקודה,2017,2,אוטומטית,1400.0,בנזין,חברה,חברה,83000.0,100000.0,OCTAVIA,4685
סוזוקי,2009,3,אוטומטית,1490.0,בנזין,פרטית,פרטית,24000.0,117400.0,SWIFT,1580
קיה,2015,3,אוטומטית,1591.0,בנזין,פרטית,פרטית,70000.0,110000.0,CERATO,0
סוזוקי,2012,1,אוטומטית,1600.0,בנזין,חדש,פרטית,34000.0,162000.0,SX4,2446
פיג'ו,2019,3,אוטומטית,1100.0,בנזין,פרטית,פרטית,69900.0,60000.0,2008,1060
פולקסווגן,2008,6,אוטומטית,2000.0,בנזין,פרטית,פרטית,25000.0,234000.0,PASSAT,988
קיה,2014,4,אוטומטית,1200.0,בנזין,פרטית,פרטית,30500.0,129000.0,PICANTO,9755
סובארו,2015,4,אוטומטית,2000.0,בנזין,פרטית,פרטית,53000.0,240000.0,XV,3552
אופל,2012,2,אוטומטית,2000.0,בנזין,פרטית,פרטית,22000.0,200000.0,INSIGNIA,156
דייהטסו,2008,6,אוטומטית,1300.0,בנזין,פרטית,פרטית,90000.0,195000.0,SIRION,1273
קיה,2016,2,אוטומטית,1250.0,בנזין,פרטית,פרטית,47000.0,77000.0,PICANTO,12410
הונדה,2009,5,אוטומטית,2000.0,בנזין,פרטית,פרטית,30000.0,181000.0,ACCORD,969
קיה,2015,1,אוטומטית,1600.0,בנזין,חדש,פרטית,37000.0,87500.0,FORTE,2220
סיטרואן,2020,1,אוטומטית,1199.0,בנזין,חדש,פרטית,88000.0,24000.0,C3,665
ב.מ.וו,2010,4,אוטומטית,2000.0,בנזין,פרטית,פרטית,50000.0,240000.0,סדרה 3,0
קיה,2013,4,אוטומטית,1250.0,בנזין,פרטית,פרטית,34000.0,176000.0,PICANTO,7162
קיה,2019,2,אוטומטית,1000.0,בנזין,פרטית,פרטית,78000.0,48000.0,STONIC,4435
קיה,2017,1,אוטומטית,1600.0,היברידי,חדש,פרטית,93500.0,83500.0,NIRO,3582
סיטרואן,2018,1,רובוטית,800.0,בנזין,חדש,פרטית,41000.0,52800.0,C1,331
סקודה,2013,1,ידנית,1400.0,בנזין,חדש,פרטית,19000.0,205000.0,FABIA,274
פולקסווגן,2011,5,אוטומטית,1399.0,בנזין,פרטית,פרטית,24000.0,177000.0,POLO,2021
ב.מ.וו,2007,2,טיפטרוניק,1997.0,בנזין,פרטית,פרטית,26000.0,313000.0,320,0
אאודי,2017,2,אוטומטית,1000.0,בנזין,פרטית,פרטית,74000.0,123000.0,A1,568
פיג'ו,2016,2,רובוטית,1200.0,בנזין,ליסינג,פרטית,19000.0,90000.0,301,459
שברולט,2009,1,אוטומטית,3200.0,בנזין,חדש,פרטית,39000.0,135000.0,CORSICA,0
הונדה,2014,3,אוטומטית,1800.0,בנזין,פרטית,פרטית,51000.0,185000.0,CIVIC,2802
פולקסווגן,2008,4,אוטומטית,1900.0,בנזין,פרטית,פרטית,19000.0,169000.0,GOLF,1882
פיג'ו,2017,2,אוטומטית,1200.0,בנזין,פרטית,פרטית,54000.0,37000.0,208,1527
קיה,2012,3,אוטומטית,1200.0,בנזין,פרטית,פרטית,32000.0,176000.0,PICANTO,3780
פורד,2013,4,ידנית,1800.0,דיזל,חברה,פרטית,25000.0,192000.0,קונקט,0
סובארו,2010,3,אוטומטית,2500.0,בנזין,פרטית,פרטית,28000.0,175000.0,B4,1193
יונדאי,2016,2,ידנית,1000.0,בנזין,פרטית,פרטית,29800.0,116000.0,I10,5355
קיה,2017,1,אוטומטית,1600.0,בנזין,חדש,פרטית,69000.0,77000.0,FORTE,2179
מרצדס,2006,4,אוטומטית,2000.0,בנזין,פרטית,פרטית,29000.0,155000.0,C-CLASS,0
פיג'ו,2012,5,ידנית,1600.0,בנזין,פרטית,פרטית,70000.0,134000.0,RCZ,79
טויוטה,2014,3,אוטומטית,1600.0,בנזין,פרטית,פרטית,60500.0,100000.0,COROLLA,12436
רנו,2015,3,אוטומטית,1200.0,בנזין,פרטית,פרטית,24000.0,105000.0,CLIO,2154
מיצובישי,2020,2,אוטומטית,1200.0,בנזין,פרטית,פרטית,67000.0,20000.0,SPACE STAR,2191
שברולט,2018,1,אוטומטית,1399.0,בנזין,חדש,פרטית,66000.0,25650.0,SPARK,2828
יונדאי,2017,1,אוטומטית,2000.0,בנזין,חדש,פרטית,90000.0,92000.0,SONATA,0
קיה,2015,2,אוטומטית,1400.0,בנזין,פרטית,פרטית,29000.0,170000.0,RIO,2758
מיצובישי,2018,1,אוטומטית,1200.0,בנזין,חדש,פרטית,59000.0,19000.0,SPACE STAR,1100
יונדאי,2019,1,אוטומטית,1250.0,בנזין,חדש,פרטית,67000.0,21000.0,I10,8070
ניסאן,2010,5,אוטומטית,2000.0,בנזין,פרטית,פרטית,23200.0,242000.0,קווסט,0
סקודה,2017,2,אוטומטית,1000.0,בנזין,פרטית,פרטית,80000.0,139670.0,OCTAVIA,4685
רנו,2015,2,אוטומטית,1500.0,דיזל,ליסינג,פרטית,29900.0,200000.0,FLUENCE,2896
ניסאן,2020,2,ידנית,1000.0,בנזין,פרטית,פרטית,52500.0,72200.0,MICRA,331
יונדאי,2014,1,אוטומטית,1000.0,בנזין,חדש,פרטית,34000.0,33000.0,I10,5400
סקודה,2012,2,אוטומטית,1197.0,בנזין,פרטית,פרטית,29000.0,158000.0,OCTAVIA,2864
יונדאי,2015,3,אוטומטית,1400.0,בנזין,פרטית,פרטית,46000.0,112000.0,I20,3115
קיה,2014,3,אוטומטית,1250.0,בנזין,פרטית,פרטית,40000.0,87000.0,PICANTO,9755
פיג'ו,2016,2,אוטומטית,1200.0,בנזין,פרטית,פרטית,35000.0,117000.0,308,350
וולוו,2016,1,אוטומטית,2000.0,בנזין,חדש,פרטית,76000.0,86000.0,V40,0
טויוטה,2014,2,אוטומטית,1800.0,בנזין,ליסינג,פרטית,62000.0,174000.0,VERSO,1075
קיה,2010,3,אוטומטית,2900.0,דיזל,פרטית,פרטית,22000.0,226000.0,CARNIVAL,321
פולקסווגן,2008,5,אוטומטית,2500.0,בנזין,פרטית,פרטית,59000.0,106000.0,BEETLE,0
טויוטה,2019,1,אוטומטית,1500.0,בנזין,חדש,פרטית,85000.0,24500.0,YARIS,3728
הונדה,2014,2,אוטומטית,1350.0,היברידי,פרטית,פרטית,43000.0,159000.0,JAZZ,376
יונדאי,2017,3,אוטומטית,1600.0,בנזין,פרטית,פרטית,70000.0,172000.0,IONIQ HYBRID,6395
סקודה,2019,2,אוטומטית,1500.0,בנזין,פרטית,פרטית,96000.0,126000.0,OCTAVIA,7605
מאזדה,2008,3,אוטומטית,2000.0,בנזין,פרטית,פרטית,20000.0,220000.0,MAZDA 6,4134
שברולט,2008,2,אוטומטית,3990.0,בנזין,פרטית,פרטית,30000.0,80000.0,UPLANDER,124
סוזוקי,2008,1,אוטומטית,1400.0,בנזין,חדש,פרטית,86500.0,62000.0,CROSSOVER,0
אאודי,2013,3,אוטומטית,1984.0,בנזין,פרטית,פרטית,86000.0,177000.0,S5,4
קיה,2018,3,אוטומטית,1250.0,בנזין,פרטית,פרטית,64000.0,26400.0,PICANTO,8229
יונדאי,2016,4,אוטומטית,1900.0,היברידי,פרטית,פרטית,65000.0,135000.0,SONATA,0
הונדה,2016,2,אוטומטית,1800.0,בנזין,השכרה,פרטית,53000.0,129000.0,CIVIC,2396
שברולט,2016,2,אוטומטית,1400.0,בנזין,פרטית,פרטית,43000.0,54000.0,SPARK,4089
סקודה,2014,2,אוטומטית,1200.0,בנזין,פרטית,פרטית,40000.0,148000.0,OCTAVIA,5586
וולוו,2007,2,אוטומטית,2000.0,בנזין,פרטית,פרטית,19000.0,136000.0,S60,3
יונדאי,2019,2,אוטומטית,1000.0,בנזין,ליסינג,פרטית,81000.0,15000.0,I20,5301
קיה,2019,1,אוטומטית,1000.0,בנזין,חדש,פרטית,96500.0,25000.0,STONIC,4435
אלפא רומיאו,2011,5,ידנית,1400.0,בנזין,פרטית,פרטית,46000.0,163000.0,ALFA GIULIETTA,123
טויוטה,2016,2,אוטומטית,1600.0,בנזין,פרטית,פרטית,71000.0,120000.0,COROLLA,10054
קיה,2015,2,אוטומטית,1248.0,בנזין,פרטית,פרטית,41000.0,93000.0,PICANTO,11640
קיה,2016,1,אוטומטית,1600.0,בנזין,חדש,פרטית,75000.0,60000.0,SEPHIA,0
מיצובישי,2016,2,אוטומטית,2000.0,בנזין,פרטית,פרטית,99000.0,119000.0,OUTLANDER,9644
טויוטה,2018,1,אוטומטית,1496.0,בנזין,חדש,פרטית,82000.0,60500.0,YARIS,2951
אאודי,2015,1,טיפטרוניק,2800.0,בנזין,חדש,פרטית,65000.0,85000.0,S3,58
טויוטה,2017,3,אוטומטית,1600.0,בנזין,ליסינג,פרטית,62000.0,124000.0,COROLLA,8332
סקודה,2016,2,טיפטרוניק,2000.0,בנזין,פרטית,פרטית,95000.0,140000.0,NEW SUPERB,1691
מרצדס,2011,3,אוטומטית,2200.0,טורבו דיזל,פרטית,פרטית,50000.0,40000.0,200,0
ב.מ.וו,2013,4,אוטומטית,1600.0,בנזין,פרטית,פרטית,49900.0,114000.0,סדרה 1,0
יונדאי,2019,2,אוטומטית,1600.0,בנזין,פרטית,פרטית,95000.0,50099.0,ELANTRA,1747
שברולט,2018,1,אוטומטית,1500.0,בנזין,חדש,פרטית,85000.0,180000.0,EQUINOX,1194
סקודה,2014,3,אוטומטית,1200.0,בנזין,פרטית,פרטית,42000.0,165000.0,OCTAVIA,5586
קיה,2018,3,אוטומטית,1248.0,בנזין,פרטית,פרטית,53000.0,79800.0,PICANTO,8229
מיני,2014,2,אוטומטית,2000.0,בנזין,פרטית,פרטית,95000.0,125000.0,COUNTRYMAN,0
קיה,2021,1,אוטומטית,1200.0,בנזין,חדש,פרטית,69000.0,25800.0,PICANTO,11337
יונדאי,2017,2,אוטומטית,1400.0,בנזין,ליסינג,ליסינג,48000.0,135000.0,I25,4261
אופל,2015,1,רובוטית,1400.0,בנזין,חדש,חברה,35500.0,95000.0,ADAM,252
טויוטה,2015,2,אוטומטית,1600.0,בנזין,פרטית,פרטית,59500.0,140000.0,COROLLA,11110
שברולט,2009,1,אוטומטית,3510.0,בנזין,חדש,פרטית,26000.0,64700.0,MALIBU,432
קיה,2019,1,אוטומטית,1280.0,בנזין,חדש,פרטית,68000.0,45780.0,PICANTO,7692
סקודה,2017,3,אוטומטית,1800.0,בנזין,פרטית,פרטית,92000.0,74000.0,OCTAVIA,4685
קיה,2018,1,אוטומטית,1248.0,בנזין,חדש,פרטית,65380.0,51300.0,PICANTO,8229
וולוו,2016,1,אוטומטית,2000.0,בנזין,חדש,פרטית,89000.0,89000.0,S80,0
שברולט,2016,2,אוטומטית,1400.0,בנזין,פרטית,פרטית,38000.0,89000.0,SPARK,4089
טויוטה,2013,4,אוטומטית,1600.0,בנזין,פרטית,פרטית,49000.0,148000.0,COROLLA,8124
סקודה,2017,1,ידנית,1000.0,בנזין,חדש,פרטית,32000.0,72000.0,CITIGO,336
יונדאי,2017,3,אוטומטית,1200.0,בנזין,פרטית,פרטית,46900.0,80000.0,I10,5794
קיה,2017,2,אוטומטית,1000.0,בנזין,פרטית,פרטית,53000.0,50000.0,PICANTO,11036
מרצדס,2009,3,אוטומטית,2998.0,בנזין,פרטית,פרטית,70000.0,155000.0,E- CLASS,0
סיטרואן,2017,2,אוטומטית,1600.0,בנזין,ליסינג,פרטית,28000.0,170000.0,C4,21
יונדאי,2019,2,אוטומטית,1000.0,בנזין,אחר,פרטית,78000.0,35000.0,I20,5301
יונדאי,2017,3,אוטומטית,1600.0,היברידי,פרטית,פרטית,71000.0,130000.0,IONIQ HYBRID,6395
פולקסווגן,2008,4,טיפטרוניק,2000.0,דיזל,פרטית,פרטית,21000.0,320000.0,PASSAT,988
מאזדה,2009,2,אוטומטית,1468.0,בנזין,פרטית,פרטית,22000.0,200000.0,MAZDA 2,4014
סקודה,2015,2,אוטומטית,1200.0,בנזין,פרטית,פרטית,30000.0,230000.0,ROOMSTER,372
פולקסווגן,2011,3,אוטומטית,1400.0,בנזין,פרטית,פרטית,30000.0,141000.0,JETTA,1850
סקודה,2011,2,אוטומטית,1200.0,בנזין,ליסינג,פרטית,26000.0,165000.0,OCTAVIA,2360
יונדאי,2017,1,אוטומטית,1600.0,בנזין,חדש,פרטית,73000.0,93000.0,ELANTRA,3073
ניסאן,2018,1,אוטומטית,1200.0,בנזין,חדש,פרטית,49500.0,50000.0,MICRA,4933
מאזדה,2009,2,אוטומטית,1600.0,בנזין,פרטית,פרטית,24000.0,234500.0,MAZDA 3,14461
קיה,2021,1,אוטומטית,1248.0,בנזין,חדש,פרטית,80000.0,12000.0,PICANTO,11337
קיה,2017,3,אוטומטית,1250.0,בנזין,פרטית,פרטית,49000.0,104000.0,PICANTO,11036
יונדאי,2016,5,אוטומטית,1600.0,בנזין,פרטית,פרטית,57000.0,125000.0,VELOSTER,59
מאזדה,2008,3,אוטומטית,2000.0,בנזין,פרטית,פרטית,28000.0,169000.0,MAZDA 5,3845
שברולט,2017,2,אוטומטית,1500.0,בנזין,פרטית,פרטית,77000.0,65000.0,MALIBU,73
סקודה,2017,2,אוטומטית,1200.0,בנזין,ליסינג,פרטית,74000.0,92000.0,OCTAVIA,4685
סיטרואן,2017,1,ידנית,1600.0,דיזל,חדש,ליסינג,30000.0,105000.0,C3,1028
ב.מ.וו,2012,6,אוטומטית,2000.0,בנזין,פרטית,פרטית,44444.0,179053.0,X1,0
סוזוקי,2015,2,אוטומטית,1200.0,בנזין,פרטית,פרטית,47000.0,100000.0,SWIFT,1223
פיג'ו,2020,1,אוטומטית,1200.0,בנזין,חדש,פרטית,69000.0,55000.0,2008,1230
פולקסווגן,2010,2,אוטומטית,1200.0,בנזין,פרטית,פרטית,25800.0,170000.0,POLO,1578
פולקסווגן,2009,1,רובוטית,1400.0,בנזין,חדש,פרטית,28000.0,197000.0,JETTA,932
לקסוס,2008,3,אוטומטית,3000.0,בנזין,פרטית,פרטית,40000.0,178500.0,LEXUS GS300,0
סוזוקי,2014,1,אוטומטית,1586.0,בנזין,חדש,פרטית,54000.0,72865.0,CROSSOVER,0
קיה,2018,1,אוטומטית,1248.0,בנזין,חדש,פרטית,60000.0,123000.0,PICANTO,8229
פולקסווגן,2018,3,אוטומטית,1100.0,בנזין,פרטית,פרטית,89000.0,50000.0,POLO,271
מיצובישי,2015,2,אוטומטית,2000.0,דיזל,פרטית,פרטית,85000.0,130000.0,OUTLANDER,5107
ב.מ.וו,2013,1,אוטומטית,1598.0,בנזין,חדש,פרטית,58000.0,99000.0,סדרה 1,0
טויוטה,2013,4,אוטומטית,1600.0,בנזין,פרטית,פרטית,44000.0,208000.0,COROLLA,8124
סקודה,2016,4,אוטומטית,1400.0,בנזין,פרטית,פרטית,42000.0,147000.0,OCTAVIA,8085
יונדאי,2010,2,אוטומטית,2600.0,גז,ממשלתי,פרטית,35000.0,290000.0,SONATA,28
סקודה,2015,3,אוטומטית,1200.0,בנזין,ליסינג,פרטית,49000.0,160000.0,OCTAVIA,6685
רנו,2013,2,אוטומטית,1598.0,בנזין,פרטית,פרטית,20000.0,140000.0,FLUENCE,3373
פולקסווגן,2016,4,אוטומטית,1800.0,בנזין,פרטית,פרטית,75000.0,107000.0,POLO,1448
סוזוקי,2015,1,אוטומטית,1598.0,בנזין,חדש,פרטית,58000.0,100000.0,CROSSOVER,0
קיה,2018,3,ידנית,1000.0,בנזין,פרטית,פרטית,50000.0,44000.0,PICANTO,8229
שברולט,2020,1,אוטומטית,1400.0,בנזין,חדש,חברה,70000.0,43000.0,SPARK,4236
סיטרואן,2015,2,רובוטית,998.0,בנזין,פרטית,פרטית,28000.0,122000.0,C1,469
טויוטה,2014,3,אוטומטית,1600.0,בנזין,פרטית,פרטית,53000.0,144000.0,COROLLA,12436
יונדאי,2019,3,אוטומטית,1600.0,היברידי,חברה,פרטית,90000.0,114000.0,IONIQ HYBRID,10528
קיה,2015,2,אוטומטית,1600.0,בנזין,פרטית,פרטית,58000.0,140000.0,FORTE,2220
טויוטה,2015,2,אוטומטית,1600.0,בנזין,פרטית,פרטית,74000.0,61000.0,COROLLA,11110
סקודה,2015,3,ידנית,1600.0,דיזל,מונית,פרטית,25000.0,330000.0,RAPID,2374
דייהטסו,2011,3,אוטומטית,1298.0,בנזין,פרטית,פרטית,20500.0,180000.0,SIRION,1533
סוזוקי,2018,2,אוטומטית,1600.0,בנזין,פרטית,פרטית,80000.0,116000.0,CROSSOVER,0
שברולט,2013,2,אוטומטית,2000.0,בנזין,פרטית,פרטית,25000.0,150000.0,MALIBU,0
קיה,2020,1,אוטומטית,1248.0,בנזין,חדש,פרטית,74000.0,43000.0,PICANTO,7479
טויוטה,2014,1,אוטומטית,1400.0,בנזין,חדש,פרטית,45500.0,87000.0,YARIS,2405
אופל,2013,4,אוטומטית,1396.0,בנזין,פרטית,פרטית,20000.0,176000.0,ASTRA,527
רנו,2014,2,אוטומטית,1197.0,בנזין,פרטית,פרטית,27500.0,157000.0,CLIO,1743
לקסוס,2008,8,אוטומטית,2500.0,בנזין,פרטית,פרטית,37500.0,220000.0,LEXUS IS250,0
אופל,2015,2,אוטומטית,1600.0,בנזין,פרטית,פרטית,40000.0,120000.0,INSIGNIA,186
קיה,2017,3,ידנית,1000.0,בנזין,פרטית,פרטית,29000.0,124000.0,PICANTO,11036
פולקסווגן,2010,2,אוטומטית,1600.0,בנזין,פרטית,פרטית,29000.0,200000.0,GOLF,1960
סקודה,2019,1,אוטומטית,1000.0,בנזין,חדש,פרטית,73900.0,45500.0,FABIA,36
סקודה,2015,2,אוטומטית,1400.0,בנזין,פרטית,פרטית,61000.0,131000.0,OCTAVIA,6685
ניסאן,2018,1,אוטומטית,1200.0,בנזין,חדש,פרטית,54000.0,102000.0,MICRA,4933
יונדאי,2012,3,אוטומטית,1400.0,בנזין,השכרה,פרטית,25000.0,236400.0,I25,4631
ב.מ.וו,1988,5,ידנית,3000.0,בנזין,פרטית,פרטית,88000.0,150000.0,325I,0
ניסאן,2016,1,אוטומטית,3500.0,בנזין,חדש,פרטית,99000.0,119000.0,MAXIMA,83
טויוטה,2017,2,אוטומטית,1800.0,בנזין,פרטית,פרטית,95900.0,143400.0,VERSO,1349
מיני,2015,3,אוטומטית,1200.0,בנזין,פרטית,פרטית,66000.0,135000.0,ONE,0
ניסאן,2017,2,אוטומטית,1800.0,בנזין,ליסינג,פרטית,39500.0,127000.0,SENTRA,1718
יונדאי,2011,4,אוטומטית,1400.0,בנזין,פרטית,פרטית,19000.0,186000.0,I20,5045
פולקסווגן,2014,3,אוטומטית,1200.0,בנזין,פרטית,פרטית,33000.0,175000.0,JETTA,1396
פולקסווגן,2011,2,רובוטית,1400.0,בנזין,פרטית,פרטית,28000.0,187000.0,TOUAREG,118
טויוטה,2019,1,אוטומטית,1400.0,בנזין,חדש,פרטית,95000.0,34000.0,YARIS,3728
שברולט,2021,1,אוטומטית,1399.0,בנזין,חדש,פרטית,84000.0,25800.0,SPARK,4613
אאודי,2019,4,אוטומטית,4500.0,בנזין,פרטית,פרטית,65000.0,54000.0,RS5 COUPE,4
סקודה,2017,2,אוטומטית,1200.0,בנזין,פרטית,פרטית,53000.0,110000.0,YETI,0
שברולט,2012,2,אוטומטית,1600.0,בנזין,פרטית,פרטית,25000.0,110100.0,SONIC,2
סוזוקי,2015,3,ידנית,1000.0,בנזין,פרטית,פרטית,19000.0,90000.0,ALTO,1727
טויוטה,2013,2,אוטומטית,1500.0,היברידי,חברה,חברה,39900.0,261000.0,YARIS,3005
יונדאי,2014,2,אוטומטית,1591.0,בנזין,פרטית,פרטית,40000.0,106000.0,I25,3736
קיה,2015,3,אוטומטית,1248.0,בנזין,פרטית,פרטית,39200.0,10277.0,PICANTO,11640
טויוטה,2015,3,אוטומטית,1600.0,בנזין,פרטית,פרטית,55000.0,166000.0,COROLLA,11110
סיטרואן,2016,1,ידנית,1600.0,טורבו דיזל,חדש,פרטית,22000.0,270000.0,C3,7
ניסאן,2015,3,אוטומטית,1600.0,בנזין,ליסינג,פרטית,28000.0,121000.0,ALMERA,1263
קיה,2019,1,אוטומטית,1200.0,בנזין,חדש,פרטית,72000.0,61000.0,PICANTO,7692
סקודה,2014,1,אוטומטית,1200.0,בנזין,חדש,פרטית,23000.0,202000.0,ROOMSTER,623
קיה,2017,1,אוטומטית,1284.0,בנזין,חדש,פרטית,62000.0,82000.0,PICANTO,11036
טויוטה,2017,1,אוטומטית,1500.0,בנזין,חדש,פרטית,50000.0,190000.0,YARIS,3353
פולקסווגן,2010,4,טיפטרוניק,1800.0,בנזין,פרטית,פרטית,35000.0,140000.0,PASSAT CC,104
קיה,2018,2,אוטומטית,1248.0,בנזין,פרטית,פרטית,60000.0,67300.0,PICANTO,8229
יונדאי,2015,1,ידנית,1000.0,בנזין,חדש,פרטית,25000.0,113000.0,I10,7163
סובארו,2017,1,אוטומטית,1600.0,בנזין,חדש,פרטית,78000.0,61000.0,XV,3818
טויוטה,2015,1,אוטומטית,2000.0,בנזין,חדש,פרטית,40000.0,191383.0,AVENSIS,212
אופל,2015,2,אוטומטית,1364.0,בנזין,פרטית,פרטית,20000.0,164000.0,MERIVA,262
סקודה,2015,2,אוטומטית,1400.0,בנזין,פרטית,פרטית,60000.0,151000.0,OCTAVIA,6685
סיטרואן,2017,1,ידנית,1500.0,דיזל,חדש,פרטית,60000.0,230000.0,CX,0
סקודה,2011,3,ידנית,1400.0,בנזין,פרטית,פרטית,23500.0,139800.0,FABIA,1918
סובארו,2017,2,אוטומטית,1600.0,בנזין,פרטית,פרטית,75000.0,69000.0,XV,3818
סקודה,2015,2,אוטומטית,1400.0,בנזין,פרטית,פרטית,45000.0,140000.0,RAPID,2374
סקודה,2016,1,אוטומטית,1400.0,בנזין,חדש,פרטית,69000.0,139000.0,OCTAVIA,8085
סוזוקי,2007,6,אוטומטית,1300.0,בנזין,פרטית,פרטית,43000.0,290000.0,SX4,0
קיה,2011,2,אוטומטית,1600.0,בנזין,פרטית,פרטית,21000.0,163000.0,FORTE,2881
אופל,2018,2,אוטומטית,1400.0,בנזין,פרטית,פרטית,69000.0,70000.0,CORSA,963
וולוו,2016,2,אוטומטית,2000.0,בנזין,פרטית,פרטית,79000.0,84000.0,S60,0
מיצובישי,2017,2,אוטומטית,2000.0,בנזין,ליסינג,ליסינג,95000.0,180000.0,OUTLANDER,6465
טויוטה,2016,2,אוטומטית,1800.0,בנזין,פרטית,פרטית,59000.0,119000.0,AVENSIS,638
סובארו,2016,2,אוטומטית,1600.0,בנזין,פרטית,פרטית,70000.0,80000.0,XV,3838
סיטרואן,2016,1,אוטומטית,1600.0,בנזין,חדש,פרטית,36000.0,99000.0,C3,7
ב.מ.וו,2006,10,אוטומטית,2500.0,בנזין,פרטית,פרטית,35000.0,90000.0,523I,35
מיני,2012,3,אוטומטית,1600.0,בנזין,פרטית,פרטית,85000.0,130000.0,COOPER,0
פולקסווגן,2017,3,אוטומטית,1200.0,בנזין,פרטית,פרטית,68000.0,101000.0,POLO,691
מיצובישי,2009,3,אוטומטית,2000.0,טורבו דיזל,פרטית,פרטית,55000.0,165000.0,OUTLANDER,217
יונדאי,2017,3,אוטומטית,1400.0,בנזין,פרטית,פרטית,53000.0,87000.0,I25,4261
סובארו,2017,2,אוטומטית,2000.0,בנזין,פרטית,פרטית,92000.0,96000.0,XV,3818
קיה,2018,1,אוטומטית,1200.0,בנזין,חדש,פרטית,75000.0,14000.0,PICANTO,8229
קיה,2021,1,אוטומטית,1200.0,בנזין,חדש,ליסינג,79000.0,25800.0,PICANTO,11337
קיה,2017,3,אוטומטית,1248.0,בנזין,פרטית,פרטית,48500.0,29400.0,PICANTO,11036
סוזוקי,2019,1,אוטומטית,1200.0,בנזין,חדש,פרטית,65000.0,16500.0,IGNIS,1560
קיה,2015,2,אוטומטית,2359.0,בנזין,פרטית,פרטית,90000.0,121000.0,CERATO,0
סקודה,2011,2,אוטומטית,1400.0,בנזין,מונית,מונית,30000.0,163000.0,OCTAVIA,2360
יונדאי,2020,1,רובוטית,1200.0,בנזין,חדש,פרטית,72000.0,22500.0,I10,3638
יונדאי,2019,1,אוטומטית,1600.0,בנזין,חדש,פרטית,92000.0,56000.0,ELANTRA,1747
קיה,2017,1,אוטומטית,1248.0,בנזין,חדש,פרטית,66000.0,23000.0,PICANTO,11036
קיה,2019,1,אוטומטית,1248.0,בנזין,חדש,פרטית,75000.0,71700.0,PICANTO,7692
סקודה,2011,3,אוטומטית,1200.0,בנזין,פרטית,פרטית,26000.0,155000.0,OCTAVIA,2360
יונדאי,2017,2,אוטומטית,1400.0,בנזין,השכרה,פרטית,53000.0,109000.0,I25,4261
ניסאן,2014,2,אוטומטית,1600.0,בנזין,פרטית,פרטית,41000.0,109000.0,JUKE,2249
פולקסווגן,2012,6,ידנית,1400.0,בנזין,פרטית,פרטית,55000.0,139000.0,SCIROCCO,142
שברולט,2013,3,אוטומטית,1600.0,בנזין,פרטית,פרטית,18200.0,176000.0,CRUZE,749
סקודה,2012,2,אוטומטית,1800.0,בנזין,פרטית,פרטית,20000.0,230000.0,OCTAVIA,2864
קיה,2021,1,אוטומטית,1400.0,בנזין,חדש,חברה,95000.0,26000.0,STONIC,4932
טויוטה,2020,1,אוטומטית,1200.0,בנזין,חדש,פרטית,70000.0,10000.0,YARIS,1262
פולקסווגן,2012,2,אוטומטית,1400.0,בנזין,פרטית,פרטית,40000.0,140000.0,GOLF,1392
קיה,2017,3,ידנית,1000.0,בנזין,פרטית,פרטית,29000.0,122000.0,PICANTO,11036
שברולט,2016,2,אוטומטית,1400.0,בנזין,ליסינג,פרטית,39500.0,131000.0,SPARK,4089
ניסאן,2013,2,אוטומטית,1600.0,בנזין,פרטית,פרטית,43000.0,65000.0,JUKE,2938
סובארו,2012,2,אוטומטית,2000.0,בנזין,פרטית,פרטית,24900.0,200000.0,B4,503
טויוטה,2013,2,אוטומטית,1300.0,בנזין,פרטית,פרטית,37000.0,180000.0,YARIS,3005
סקודה,2013,3,אוטומטית,1400.0,בנזין,פרטית,פרטית,26000.0,169000.0,RAPID,2078
מיצובישי,2017,1,אוטומטית,1193.0,בנזין,חדש,פרטית,44000.0,96509.0,SPACE STAR,1746
טויוטה,2015,1,אוטומטית,1600.0,בנזין,חדש,פרטית,62000.0,141000.0,COROLLA,11110
אופל,2015,2,אוטומטית,1400.0,בנזין,פרטית,פרטית,23000.0,152000.0,ASTRA,186
רנו,2015,3,אוטומטית,1200.0,בנזין,פרטית,פרטית,28000.0,136000.0,CLIO,2154
שברולט,2016,2,אוטומטית,1400.0,בנזין,פרטית,פרטית,25000.0,124000.0,CRUZE,810
קיה,2014,1,ידנית,1000.0,בנזין,חדש,חברה,23200.0,190000.0,PICANTO,9755
טויוטה,2013,2,אוטומטית,1800.0,היברידי,פרטית,פרטית,72000.0,57000.0,PRIUS,0
פורד,2013,3,אוטומטית,1600.0,בנזין,פרטית,פרטית,19000.0,144000.0,FOCUS,6181
אופל,2014,2,אוטומטית,1400.0,בנזין,פרטית,פרטית,26900.0,148000.0,CORSA,734
יונדאי,2015,2,אוטומטית,1250.0,בנזין,ליסינג,ליסינג,40500.0,98000.0,I10,7163
קיה,2011,3,אוטומטית,2200.0,דיזל,פרטית,פרטית,33000.0,165000.0,CARNIVAL,353
קיה,2019,2,אוטומטית,1600.0,דיזל,ליסינג,פרטית,86000.0,95000.0,SEPHIA,0
סקודה,2016,1,אוטומטית,1200.0,בנזין,חדש,פרטית,70000.0,140000.0,OCTAVIA,8085
ב.מ.וו,2017,3,אוטומטית,1500.0,בנזין,ליסינג,פרטית,77000.0,127000.0,סדרה 1,0
קיה,2018,1,אוטומטית,1200.0,בנזין,חדש,פרטית,63000.0,47000.0,PICANTO,8229
סקודה,2018,1,אוטומטית,1000.0,בנזין,חדש,פרטית,52000.0,137000.0,RAPID,3307
טויוטה,2014,2,אוטומטית,1600.0,בנזין,ליסינג,פרטית,58000.0,180000.0,COROLLA,12436
סוזוקי,2010,3,אוטומטית,1500.0,בנזין,פרטית,פרטית,24000.0,183000.0,SWIFT,1901
קיה,2012,3,אוטומטית,1600.0,בנזין,ליסינג,פרטית,26000.0,143000.0,FORTE,2808
טויוטה,2014,1,אוטומטית,1600.0,בנזין,חדש,פרטית,54000.0,175000.0,COROLLA,12436
טויוטה,2015,2,אוטומטית,1800.0,היברידי,ליסינג,פרטית,85000.0,125000.0,PRIUS,0
ב.מ.וו,2016,4,אוטומטית,1500.0,בנזין,פרטית,פרטית,60000.0,95000.0,סדרה 1,0
קיה,2017,3,אוטומטית,1200.0,בנזין,פרטית,פרטית,59000.0,90100.0,PICANTO,11036
שברולט,2016,3,אוטומטית,1500.0,בנזין,פרטית,פרטית,66000.0,67000.0,MALIBU,133
סיטרואן,2015,2,אוטומטית,1600.0,בנזין,חברה,חברה,40000.0,49000.0,C3,76
פורד,2015,3,אוטומטית,2000.0,בנזין,פרטית,פרטית,35000.0,150000.0,S MAX,135
יונדאי,2013,3,אוטומטית,1600.0,בנזין,ליסינג,פרטית,37000.0,169000.0,I35,6376
יונדאי,2011,5,אוטומטית,1400.0,בנזין,פרטית,פרטית,25500.0,158685.0,I20,5045
פורד,2013,3,רובוטית,2000.0,בנזין,פרטית,פרטית,22000.0,127000.0,S MAX,295
קיה,2017,2,אוטומטית,1600.0,היברידי,ליסינג,פרטית,76000.0,149000.0,NIRO,3582
סקודה,2018,3,אוטומטית,1000.0,בנזין,חברה,פרטית,75000.0,181000.0,OCTAVIA,5241
פורד,2013,3,אוטומטית,1600.0,בנזין,חברה,חברה,20000.0,169541.0,FOCUS,6181
קיה,2021,1,אוטומטית,1400.0,בנזין,חדש,חברה,98000.0,25800.0,STONIC,4932
ב.מ.וו,2017,2,אוטומטית,2000.0,בנזין,פרטית,פרטית,90000.0,79000.0,סדרה 1,0
קיה,2017,2,אוטומטית,1580.0,היברידי,פרטית,פרטית,94500.0,140000.0,NIRO EV,0
קיה,2016,1,אוטומטית,1248.0,בנזין,חדש,פרטית,52950.0,55000.0,PICANTO,12410
הונדה,2006,3,אוטומטית,1600.0,בנזין,פרטית,פרטית,22000.0,73000.0,CIVIC,2577
יונדאי,2018,2,אוטומטית,1200.0,בנזין,ליסינג,פרטית,55000.0,90000.0,I10,7388
סקודה,2015,2,אוטומטית,1200.0,בנזין,פרטית,פרטית,59900.0,130000.0,OCTAVIA,6685
פיג'ו,1995,5,ידנית,1200.0,בנזין,פרטית,פרטית,20000.0,140000.0,106,0
סקודה,2019,3,אוטומטית,1000.0,בנזין,ליסינג,פרטית,69000.0,109800.0,OCTAVIA,7605
פולקסווגן,2018,1,אוטומטית,1400.0,בנזין,חדש,חברה,96000.0,98500.0,GOLF,1929
סובארו,2013,3,אוטומטית,2000.0,בנזין,פרטית,פרטית,58000.0,138000.0,XV,537
יונדאי,2016,2,אוטומטית,1600.0,בנזין,פרטית,פרטית,55500.0,148000.0,ELANTRA,3766
הונדה,2006,2,אוטומטית,1800.0,בנזין,פרטית,פרטית,30000.0,131900.0,CIVIC,2577
סקודה,2016,2,אוטומטית,1400.0,בנזין,פרטית,פרטית,60000.0,180000.0,OCTAVIA,8085
אלפא רומיאו,2013,4,ידנית,1400.0,בנזין,פרטית,פרטית,45000.0,160000.0,ALFA GIULIETTA,264
סקודה,2014,1,אוטומטית,1400.0,בנזין,חדש,פרטית,30000.0,128000.0,RAPID,2161
ניסאן,2011,3,אוטומטית,1600.0,בנזין,פרטית,פרטית,28000.0,118000.0,JUKE,2931
הונדה,2015,3,אוטומטית,1798.0,בנזין,חברה,חברה,41500.0,163899.0,CIVIC,2221
